0,2025-03-31,2024-12-31,2024-09-30,2024-06-30,2024-03-31,2023-12-31,2023-09-30,2023-06-30,2023-03-31,2022-12-31,2022-09-30,2022-06-30,2022-03-31,2021-12-31,2021-09-30,2021-06-30,2021-03-31,2020-12-31,2020-09-30,2020-06-30,2020-03-31,2019-12-31,2019-09-30,2019-06-30,2019-03-31,2018-12-31,2018-09-30,2018-06-30,2018-03-31,2017-12-31,2017-09-30,2017-06-30,2017-03-31,2016-12-31,2016-09-30,2016-06-30,2016-03-31,2015-12-31,2015-09-30,2015-06-30,2015-03-31,2014-12-31,2014-09-30,2014-06-30,2014-03-31,2013-12-31,2013-09-30,2013-06-30,2013-12-31.1,2013-09-30.1,2013-06-30.1,2013-03-31,2012-12-31,2011-12-31
Financial Report Type,2025/Q1 report,2024/annual report,2024/Q3 report,2024/Semi-annual report,2024/Q1 report,2023/annual report,2023/Q3 report,2023/Semi-annual report,2023/Q1 report,2022/annual report,2022/Q3 report,2022/Semi-annual report,2022/Q1 report,2021/annual report,2021/Q3 report,2021/Semi-annual report,2021/Q1 report,2020/annual report,2020/Q3 report,2020/Semi-annual report,2020/Q1 report,2019/annual report,2019/Q3 report,2019/Semi-annual report,2019/Q1 report,2018/annual report,2018/Q3 report,2018/Semi-annual report,2018/Q1 report,2017/annual report,2017/Q3 report,2017/Semi-annual report,2017/Q1 report,2016/annual report,2016/Q3 report,2016/Semi-annual report,2016/Q1 report,2015/annual report,2015/Q3 report,2015/Semi-annual report,2015/Q1 report,2014/annual report,2014/Q3 report,2014/Semi-annual report,2014/Q1 report,2013/annual report,2013/Q3 report,2013/Semi-annual report,2013/annual report,2013/Q3 report,2013/Semi-annual report,2013/Q1 report,2012/annual report,2011/annual report
year-end date,12-31,12-31,12-31,12-31,12-31,12-31,12-31,12-31,12-31,12-31,12-31,12-31,12-31,12-31,12-31,12-31,12-31,12-31,12-31,12-31,12-31,12-31,12-31,12-31,12-31,12-31,12-31,12-31,12-31,12-31,12-31,12-31,12-31,12-31,12-31,12-31,12-31,12-31,12-31,12-31,12-31,12-31,12-31,12-31,12-31,12-31,12-31,12-31,12-31,12-31,12-31,12-31,12-31,12-31
currency,US Dollar,US Dollar,US Dollar,US Dollar,US Dollar,US Dollar,US Dollar,US Dollar,US Dollar,US Dollar,US Dollar,US Dollar,US Dollar,US Dollar,US Dollar,US Dollar,US Dollar,US Dollar,US Dollar,US Dollar,US Dollar,US Dollar,US Dollar,US Dollar,US Dollar,US Dollar,US Dollar,US Dollar,US Dollar,US Dollar,US Dollar,US Dollar,US Dollar,US Dollar,US Dollar,US Dollar,US Dollar,US Dollar,US Dollar,US Dollar,US Dollar,US Dollar,US Dollar,US Dollar,US Dollar,US Dollar,US Dollar,US Dollar,US Dollar,US Dollar,US Dollar,US Dollar,US Dollar,US Dollar
Operating Adjustments,,,,,,,,,,,,,,,,,,,,,,,,,,,,,,,,,,,,,,,,,,,,,,,,,,,,,,
Net profit,2123Ten thousand,7360Ten thousand,5407Ten thousand,3391Ten thousand,1583Ten thousand,6252Ten thousand,4294Ten thousand,2753Ten thousand,1268Ten thousand,4603Ten thousand,3126Ten thousand,1972Ten thousand,847.0Ten thousand,4513Ten thousand,3207Ten thousand,2049Ten thousand,889.4Ten thousand,3313Ten thousand,2468Ten thousand,1557Ten thousand,865.8Ten thousand,2524Ten thousand,1450Ten thousand,958.8Ten thousand,429.6Ten thousand,1643Ten thousand,1284Ten thousand,920.4Ten thousand,488.6Ten thousand,1195Ten thousand,1037Ten thousand,695.9Ten thousand,425.9Ten thousand,1216Ten thousand,445.6Ten thousand,275.7Ten thousand,15.70Ten thousand,1162Ten thousand,830.2Ten thousand,541.5Ten thousand,216.2Ten thousand,1224Ten thousand,832.0Ten thousand,508.3Ten thousand,235.4Ten thousand,1915Ten thousand,1826Ten thousand,1569Ten thousand,1915Ten thousand,1826Ten thousand,1569Ten thousand,1326Ten thousand,763.5Ten thousand,-198.1Ten thousand
Depreciation and amortization,426.1Ten thousand,1458Ten thousand,1096Ten thousand,730.0Ten thousand,368.4Ten thousand,1499Ten thousand,1109Ten thousand,725.9Ten thousand,366.2Ten thousand,1492Ten thousand,1122Ten thousand,756.0Ten thousand,373.6Ten thousand,1530Ten thousand,1118Ten thousand,755.6Ten thousand,378.5Ten thousand,1279Ten thousand,942.6Ten thousand,619.7Ten thousand,307.3Ten thousand,1129Ten thousand,789.8Ten thousand,495.6Ten thousand,223.5Ten thousand,924.8Ten thousand,712.6Ten thousand,444.0Ten thousand,195.4Ten thousand,852.9Ten thousand,653.0Ten thousand,460.7Ten thousand,159.5Ten thousand,700.4Ten thousand,520.4Ten thousand,338.8Ten thousand,244.9Ten thousand,481.4Ten thousand,355.0Ten thousand,233.6Ten thousand,116.0Ten thousand,398.4Ten thousand,280.3Ten thousand,165.7Ten thousand,53.40Ten thousand,232.6Ten thousand,175.2Ten thousand,117.3Ten thousand,232.6Ten thousand,175.2Ten thousand,117.3Ten thousand,59.30Ten thousand,275.9Ten thousand,377.8Ten thousand
stock-based compensation expenses,317.0Ten thousand,1117Ten thousand,830.7Ten thousand,547.4Ten thousand,261.9Ten thousand,1032Ten thousand,783.1Ten thousand,525.9Ten thousand,264.6Ten thousand,1063Ten thousand,794.5Ten thousand,516.5Ten thousand,248.5Ten thousand,943.4Ten thousand,710.5Ten thousand,476.4Ten thousand,223.9Ten thousand,600.5Ten thousand,398.7Ten thousand,252.5Ten thousand,140.7Ten thousand,576.6Ten thousand,418.6Ten thousand,271.5Ten thousand,123.3Ten thousand,410.9Ten thousand,296.1Ten thousand,185.6Ten thousand,85.90Ten thousand,255.2Ten thousand,181.8Ten thousand,109.1Ten thousand,42.70Ten thousand,107.2Ten thousand,126.3Ten thousand,81.90Ten thousand,33.70Ten thousand,157.3Ten thousand,116.2Ten thousand,75.00Ten thousand,33.60Ten thousand,82.70Ten thousand,56.20Ten thousand,33.10Ten thousand,12.30Ten thousand,51.50Ten thousand,36.50Ten thousand,21.70Ten thousand,51.50Ten thousand,36.50Ten thousand,21.70Ten thousand,10.50Ten thousand,34.10Ten thousand,33.10Ten thousand
Impairment and provisions,33.50Ten thousand,608.9Ten thousand,81.20Ten thousand,48.60Ten thousand,22.40Ten thousand,74.40Ten thousand,51.60Ten thousand,31.30Ten thousand,14.40Ten thousand,185.2Ten thousand,165.5Ten thousand,149.2Ten thousand,133.2Ten thousand,96.20Ten thousand,74.40Ten thousand,52.90Ten thousand,25.20Ten thousand,217.4Ten thousand,68.10Ten thousand,43.60Ten thousand,22.40Ten thousand,34.30Ten thousand,16.80Ten thousand,10.60Ten thousand,5.700Ten thousand,27.20Ten thousand,21.40Ten thousand,16.50Ten thousand,7.800Ten thousand,952.4Ten thousand,620.8Ten thousand,410.2Ten thousand,203.2Ten thousand,737.3Ten thousand,508.9Ten thousand,318.1Ten thousand,136.8Ten thousand,430.9Ten thousand,297.4Ten thousand,202.5Ten thousand,77.10Ten thousand,281.8Ten thousand,283.2Ten thousand,173.4Ten thousand,117.0Ten thousand,301.9Ten thousand,210.2Ten thousand,121.8Ten thousand,301.9Ten thousand,210.2Ten thousand,121.8Ten thousand,81.30Ten thousand,287.7Ten thousand,2026Ten thousand
Deferred income tax,16.60Ten thousand,1319Ten thousand,18.80Ten thousand,26.40Ten thousand,13.10Ten thousand,281.9Ten thousand,24.60Ten thousand,16.50Ten thousand,-7.200Ten thousand,390.8Ten thousand,41.30Ten thousand,29.10Ten thousand,12.60Ten thousand,728.2Ten thousand,60.50Ten thousand,39.60Ten thousand,16.50Ten thousand,-465.2Ten thousand,5.100Ten thousand,10.00Ten thousand,4.200Ten thousand,-106.3Ten thousand,10.50Ten thousand,-15.40Ten thousand,-6.000Ten thousand,-37.50Ten thousand,39.70Ten thousand,24.50Ten thousand,12.90Ten thousand,247.0Ten thousand,--,--,--,-132.8Ten thousand,--,--,--,83.80Ten thousand,-1.300Ten thousand,--,--,222.1Ten thousand,--,--,--,470.1Ten thousand,542.5Ten thousand,542.5Ten thousand,470.1Ten thousand,542.5Ten thousand,542.5Ten thousand,542.5Ten thousand,83.90Ten thousand,-466.3Ten thousand
Asset Disposal Gains and Losses,-7000,-1.300Ten thousand,-1.300Ten thousand,-5000,--,--,--,--,--,--,--,--,--,--,--,--,--,--,124.2Ten thousand,35.20Ten thousand,--,--,-9.000Ten thousand,-5.100Ten thousand,--,3.800Ten thousand,--,--,--,-246.7Ten thousand,-206.5Ten thousand,-206.5Ten thousand,-206.5Ten thousand,--,--,--,--,--,--,--,--,--,--,--,--,-1528Ten thousand,-1884Ten thousand,-1884Ten thousand,-1528Ten thousand,-1884Ten thousand,-1884Ten thousand,-1884Ten thousand,-49.50Ten thousand,4.300Ten thousand
Investment gains and losses,--,-368.3Ten thousand,--,--,--,-2.300Ten thousand,--,--,--,--,--,--,--,--,--,--,--,--,--,--,--,--,--,--,--,--,--,--,--,--,--,--,--,--,--,--,--,--,--,--,--,--,--,--,--,--,--,--,--,--,--,--,--,--
Revaluation surplus,--,--,--,--,--,--,--,--,--,--,--,--,--,--,--,--,--,--,--,--,--,--,--,--,--,--,--,--,--,--,--,--,--,--,--,--,--,13.00Ten thousand,13.00Ten thousand,--,--,--,--,--,--,--,--,--,--,--,--,--,--,-46.90Ten thousand
Operating Adjustments Other Items,2.300Ten thousand,--,9000,1.000Ten thousand,--,--,--,--,--,--,--,--,--,--,--,--,--,--,--,--,--,--,--,--,--,-84.70Ten thousand,--,--,--,38.30Ten thousand,38.30Ten thousand,--,--,255.0Ten thousand,255.4Ten thousand,89.40Ten thousand,--,--,--,--,--,--,--,--,--,--,--,--,--,--,--,--,--,--
Total Operating Adjustments,,,,,,,,,,,,,,,,,,,,,,,,,,,,,,,,,,,,,,,,,,,,,,,,,,,,,,
accounts receivable and notes,-945.9Ten thousand,2214Ten thousand,1787Ten thousand,536.2Ten thousand,1055Ten thousand,1567Ten thousand,992.9Ten thousand,2140Ten thousand,8.500Ten thousand,2059Ten thousand,1823Ten thousand,2025Ten thousand,712.1Ten thousand,-391.6Ten thousand,-190.6Ten thousand,-623.2Ten thousand,-639.7Ten thousand,2386Ten thousand,3075Ten thousand,2334Ten thousand,877.7Ten thousand,-3748Ten thousand,-1996Ten thousand,-1736Ten thousand,-1224Ten thousand,-69.70Ten thousand,-541.8Ten thousand,257.8Ten thousand,559.9Ten thousand,1941Ten thousand,1545Ten thousand,-2507Ten thousand,-120.7Ten thousand,-3360Ten thousand,554.0Ten thousand,-3322Ten thousand,-1606Ten thousand,-1951Ten thousand,-1209Ten thousand,2020Ten thousand,-590.5Ten thousand,-927.6Ten thousand,-307.7Ten thousand,1142Ten thousand,114.2Ten thousand,781.8Ten thousand,1469Ten thousand,2648Ten thousand,781.8Ten thousand,1469Ten thousand,2648Ten thousand,985.0Ten thousand,-181.2Ten thousand,-568.9Ten thousand
Operating Activities,,,,,,,,,,,,,,,,,,,,,,,,,,,,,,,,,,,,,,,,,,,,,,,,,,,,,,
Prepayments and other receivables,578.6Ten thousand,-1359Ten thousand,1408Ten thousand,1436Ten thousand,1711Ten thousand,-1069Ten thousand,74.90Ten thousand,-740.0Ten thousand,468.5Ten thousand,1021Ten thousand,2755Ten thousand,2047Ten thousand,416.1Ten thousand,-3651Ten thousand,-2802Ten thousand,--,--,1742Ten thousand,--,--,--,--,--,--,--,--,--,--,--,--,--,--,--,--,--,--,--,--,--,--,--,--,--,--,--,--,--,--,--,--,--,--,--,--
deferred expenses and other assets,--,--,--,--,--,--,--,--,--,--,--,--,--,--,--,-300.4Ten thousand,-100.7Ten thousand,--,-259.2Ten thousand,-360.8Ten thousand,97.30Ten thousand,-79.20Ten thousand,282.2Ten thousand,32.80Ten thousand,249.4Ten thousand,165.2Ten thousand,200.7Ten thousand,328.7Ten thousand,116.1Ten thousand,-246.7Ten thousand,-28.10Ten thousand,208.0Ten thousand,200.5Ten thousand,-28.20Ten thousand,113.6Ten thousand,110.1Ten thousand,168.8Ten thousand,231.8Ten thousand,-46.80Ten thousand,292.7Ten thousand,102.0Ten thousand,-87.30Ten thousand,-64.20Ten thousand,174.0Ten thousand,143.0Ten thousand,106.1Ten thousand,99.70Ten thousand,141.0Ten thousand,106.1Ten thousand,99.70Ten thousand,141.0Ten thousand,164.9Ten thousand,-1.800Ten thousand,143.3Ten thousand
accounts payable and notes,-58.80Ten thousand,-190.9Ten thousand,100.3Ten thousand,-633.3Ten thousand,-433.2Ten thousand,202.5Ten thousand,-211.8Ten thousand,-59.70Ten thousand,-49.40Ten thousand,251.4Ten thousand,-69.30Ten thousand,139.8Ten thousand,138.6Ten thousand,-481.0Ten thousand,-78.00Ten thousand,11.10Ten thousand,-29.00Ten thousand,215.9Ten thousand,-249.6Ten thousand,-270.0Ten thousand,-197.6Ten thousand,463.8Ten thousand,185.6Ten thousand,64.10Ten thousand,-68.90Ten thousand,423.5Ten thousand,184.4Ten thousand,245.8Ten thousand,209.2Ten thousand,110.3Ten thousand,41.80Ten thousand,-105.6Ten thousand,96.70Ten thousand,-77.60Ten thousand,-57.70Ten thousand,-25.50Ten thousand,-57.00Ten thousand,57.00Ten thousand,69.80Ten thousand,-66.40Ten thousand,-117.6Ten thousand,-85.00Ten thousand,-118.8Ten thousand,-90.20Ten thousand,-91.80Ten thousand,43.50Ten thousand,26.20Ten thousand,129.8Ten thousand,43.50Ten thousand,26.20Ten thousand,129.8Ten thousand,70.10Ten thousand,-114.9Ten thousand,196.2Ten thousand
Deferred revenue,--,--,--,--,--,--,--,--,--,--,--,--,--,--,--,--,--,--,--,--,--,--,--,--,--,--,--,--,--,--,--,--,--,--,--,--,--,--,--,--,--,--,--,--,--,--,-14.10Ten thousand,-15.00Ten thousand,--,-14.10Ten thousand,-15.00Ten thousand,-14.30Ten thousand,3000,4000
Accrued expenses and other liabilities,-596.6Ten thousand,-513.1Ten thousand,-126.7Ten thousand,-333.8Ten thousand,-714.4Ten thousand,1389Ten thousand,1101Ten thousand,649.2Ten thousand,-453.2Ten thousand,-553.6Ten thousand,-1677Ten thousand,-1384Ten thousand,-2283Ten thousand,662.5Ten thousand,-671.0Ten thousand,-393.9Ten thousand,-1429Ten thousand,1652Ten thousand,42.90Ten thousand,867.8Ten thousand,-596.4Ten thousand,407.8Ten thousand,-340.4Ten thousand,-484.7Ten thousand,-52.10Ten thousand,-86.50Ten thousand,271.3Ten thousand,-406.9Ten thousand,-248.2Ten thousand,177.9Ten thousand,375.0Ten thousand,-202.3Ten thousand,160.2Ten thousand,508.5Ten thousand,632.6Ten thousand,307.2Ten thousand,466.8Ten thousand,-255.7Ten thousand,453.6Ten thousand,205.9Ten thousand,72.80Ten thousand,-406.6Ten thousand,-202.0Ten thousand,-605.6Ten thousand,-316.5Ten thousand,365.7Ten thousand,23.40Ten thousand,32.00Ten thousand,365.7Ten thousand,23.40Ten thousand,32.00Ten thousand,-39.10Ten thousand,442.5Ten thousand,93.40Ten thousand
Operating Activities Other Items,--,--,--,--,--,--,--,--,--,--,--,--,--,--,--,-2399Ten thousand,-1172Ten thousand,--,714.1Ten thousand,--,522.8Ten thousand,--,--,--,--,--,--,--,--,--,--,--,--,--,--,--,--,--,--,--,--,--,--,--,--,--,--,--,--,--,--,--,--,--
Net Cash Flow from Operating Activities,1895Ten thousand,1.164Hundred million,1.060Hundred million,5749Ten thousand,3868Ten thousand,1.122Hundred million,8220Ten thousand,6041Ten thousand,1880Ten thousand,1.051Hundred million,8082Ten thousand,6250Ten thousand,598.3Ten thousand,3949Ten thousand,1429Ten thousand,-332.1Ten thousand,-1837Ten thousand,1.094Hundred million,7330Ten thousand,5089Ten thousand,2044Ten thousand,1202Ten thousand,808.4Ten thousand,-407.8Ten thousand,-319.7Ten thousand,3320Ten thousand,2468Ten thousand,2016Ten thousand,1428Ten thousand,5277Ten thousand,4258Ten thousand,-1138Ten thousand,961.5Ten thousand,-74.30Ten thousand,3099Ten thousand,-1827Ten thousand,-595.9Ten thousand,410.6Ten thousand,878.6Ten thousand,3504Ten thousand,-90.40Ten thousand,702.8Ten thousand,759.0Ten thousand,1500Ten thousand,267.0Ten thousand,2739Ten thousand,2510Ten thousand,3425Ten thousand,2739Ten thousand,2510Ten thousand,3425Ten thousand,1303Ten thousand,1541Ten thousand,1595Ten thousand
Investment business,,,,,,,,,,,,,,,,,,,,,,,,,,,,,,,,,,,,,,,,,,,,,,,,,,,,,,
Purchase of Fixed Assets,-188.3Ten thousand,-605.0Ten thousand,-435.3Ten thousand,-242.1Ten thousand,-135.0Ten thousand,-945.4Ten thousand,-413.4Ten thousand,-177.1Ten thousand,-77.70Ten thousand,-830.0Ten thousand,-286.4Ten thousand,-153.8Ten thousand,-110.4Ten thousand,-464.5Ten thousand,-321.4Ten thousand,-184.7Ten thousand,-102.1Ten thousand,-683.1Ten thousand,-589.3Ten thousand,-484.2Ten thousand,-274.7Ten thousand,-462.1Ten thousand,-307.7Ten thousand,-199.6Ten thousand,-100.6Ten thousand,-534.9Ten thousand,-338.4Ten thousand,-166.2Ten thousand,-41.60Ten thousand,-361.6Ten thousand,-308.9Ten thousand,-177.1Ten thousand,-116.2Ten thousand,-171.2Ten thousand,-116.8Ten thousand,-71.10Ten thousand,-34.20Ten thousand,-221.3Ten thousand,-131.6Ten thousand,-76.10Ten thousand,-73.10Ten thousand,-527.4Ten thousand,-477.6Ten thousand,-395.8Ten thousand,-148.4Ten thousand,-88.70Ten thousand,-57.70Ten thousand,-40.70Ten thousand,-88.70Ten thousand,-57.70Ten thousand,-40.70Ten thousand,-17.90Ten thousand,-111.4Ten thousand,-55.10Ten thousand
disposal of fixed assets,--,--,--,--,--,--,--,--,--,--,--,--,--,--,--,--,--,--,--,--,--,--,--,--,--,--,--,--,--,--,--,--,--,--,--,--,--,--,--,--,--,--,--,--,--,--,--,--,--,--,--,--,--,--
Acquisition of Intangible Assets and Other Assets,--,--,--,--,--,--,--,--,--,--,--,--,--,--,--,--,--,--,--,--,--,--,--,--,--,--,--,--,--,--,--,--,--,--,--,--,--,-14.60Ten thousand,-14.60Ten thousand,-14.60Ten thousand,--,-5.000Ten thousand,-5.000Ten thousand,-5.000Ten thousand,--,--,--,--,--,--,--,--,--,--
disposal of intangible assets and other assets,385.5Ten thousand,538.6Ten thousand,462.9Ten thousand,461.9Ten thousand,--,1.500Ten thousand,--,--,--,--,--,--,--,--,--,--,--,--,25.50Ten thousand,17.20Ten thousand,--,--,--,--,--,--,--,--,--,370.2Ten thousand,240.0Ten thousand,240.0Ten thousand,240.0Ten thousand,--,--,--,--,--,--,--,--,--,--,--,--,1611Ten thousand,1966Ten thousand,1966Ten thousand,1611Ten thousand,1966Ten thousand,1966Ten thousand,1966Ten thousand,49.50Ten thousand,--
Sale of subsidiaries,--,--,--,--,--,--,--,--,--,--,--,--,--,--,--,--,--,--,--,--,--,--,--,--,--,--,--,--,--,--,--,--,--,--,--,--,--,--,--,--,--,--,--,--,--,--,--,--,--,--,--,--,--,--
Acquisition of subsidiaries,-335.0Ten thousand,-3.539Hundred million,-40.00Ten thousand,-40.00Ten thousand,-40.00Ten thousand,-1.098Hundred million,-1.098Hundred million,-94.00Ten thousand,-96.50Ten thousand,-9829Ten thousand,-8449Ten thousand,-8449Ten thousand,-8449Ten thousand,-3737Ten thousand,-2922Ten thousand,-8.100Ten thousand,--,-2.077Hundred million,-1187Ten thousand,-29.50Ten thousand,-8.700Ten thousand,-1.841Hundred million,-5322Ten thousand,-2981Ten thousand,--,-6244Ten thousand,-6235Ten thousand,-6181Ten thousand,-328.3Ten thousand,-2435Ten thousand,-2242Ten thousand,--,--,-2003Ten thousand,-2045Ten thousand,-2045Ten thousand,-2045Ten thousand,-836.5Ten thousand,-425.0Ten thousand,-425.0Ten thousand,-425.0Ten thousand,-717.2Ten thousand,-718.6Ten thousand,-723.3Ten thousand,--,-1233Ten thousand,--,--,-1233Ten thousand,--,--,--,--,-50.00Ten thousand
Other investment business projects,--,--,--,--,--,--,--,--,--,--,--,--,--,--,--,--,--,25.50Ten thousand,--,--,--,--,--,--,--,--,--,--,--,--,--,--,--,--,--,--,--,--,--,--,--,--,--,--,--,--,--,--,--,--,--,--,--,--
Net cash flow from investing activities,-137.8Ten thousand,-3.546Hundred million,-12.40Ten thousand,179.8Ten thousand,-175.0Ten thousand,-1.192Hundred million,-1.139Hundred million,-271.1Ten thousand,-174.2Ten thousand,-1.066Hundred million,-8735Ten thousand,-8603Ten thousand,-8559Ten thousand,-4202Ten thousand,-3243Ten thousand,-192.8Ten thousand,-102.1Ten thousand,-2.142Hundred million,-1751Ten thousand,-496.5Ten thousand,-283.4Ten thousand,-1.887Hundred million,-5630Ten thousand,-3180Ten thousand,-100.6Ten thousand,-6779Ten thousand,-6573Ten thousand,-6347Ten thousand,-369.9Ten thousand,-2427Ten thousand,-2311Ten thousand,62.90Ten thousand,123.8Ten thousand,-2174Ten thousand,-2162Ten thousand,-2116Ten thousand,-2079Ten thousand,-1072Ten thousand,-571.2Ten thousand,-515.7Ten thousand,-498.1Ten thousand,-1250Ten thousand,-1201Ten thousand,-1124Ten thousand,-148.4Ten thousand,289.3Ten thousand,1908Ten thousand,1925Ten thousand,289.3Ten thousand,1908Ten thousand,1925Ten thousand,1948Ten thousand,-61.90Ten thousand,-105.1Ten thousand
Financing Activities,,,,,,,,,,,,,,,,,,,,,,,,,,,,,,,,,,,,,,,,,,,,,,,,,,,,,,
issue shares,--,1.756Hundred million,1.756Hundred million,1.756Hundred million,--,--,--,--,--,--,--,--,--,--,--,--,--,--,--,--,--,1.729Hundred million,1.729Hundred million,--,--,7662Ten thousand,7662Ten thousand,--,--,--,--,--,--,--,--,--,--,--,--,--,--,--,--,--,--,--,--,--,--,--,--,--,--,--
Redemption of Bonds,--,--,--,--,--,--,--,--,--,--,--,--,--,--,--,--,--,--,--,--,--,--,--,--,--,--,--,--,--,--,--,--,--,--,--,--,--,--,--,--,-24.50Ten thousand,--,--,--,--,--,--,--,--,--,--,--,-406.9Ten thousand,-250.0Ten thousand
Proceeds from Exercising Stock Options,49.30Ten thousand,343.5Ten thousand,298.3Ten thousand,--,--,31.90Ten thousand,2.500Ten thousand,2.500Ten thousand,2.500Ten thousand,254.6Ten thousand,128.5Ten thousand,54.80Ten thousand,47.90Ten thousand,110.8Ten thousand,20.20Ten thousand,12.40Ten thousand,10.10Ten thousand,394.6Ten thousand,333.7Ten thousand,117.9Ten thousand,115.1Ten thousand,315.3Ten thousand,207.7Ten thousand,71.30Ten thousand,--,99.40Ten thousand,45.00Ten thousand,26.80Ten thousand,2.400Ten thousand,115.8Ten thousand,115.8Ten thousand,115.8Ten thousand,95.40Ten thousand,301.6Ten thousand,301.6Ten thousand,301.6Ten thousand,17.00Ten thousand,30.50Ten thousand,30.50Ten thousand,30.50Ten thousand,16.30Ten thousand,21.40Ten thousand,21.40Ten thousand,21.40Ten thousand,21.40Ten thousand,--,--,--,--,--,--,--,--,--
New borrowings,--,--,--,--,--,--,--,--,--,--,--,--,--,--,--,-49.00Ten thousand,-24.50Ten thousand,--,-49.00Ten thousand,-24.50Ten thousand,--,4232Ten thousand,4281Ten thousand,1960Ten thousand,--,-2444Ten thousand,5873Ten thousand,5930Ten thousand,-56.30Ten thousand,7444Ten thousand,9500Ten thousand,6500Ten thousand,2000Ten thousand,--,5200Ten thousand,4200Ten thousand,3200Ten thousand,--,--,--,--,--,--,--,--,--,--,--,--,--,--,--,--,--
Repayment of loans,--,--,--,--,--,--,--,--,--,--,--,--,--,--,--,--,--,--,--,--,--,--,--,--,--,--,--,--,--,-5000Ten thousand,-7406Ten thousand,-4406Ten thousand,-2031Ten thousand,-2700Ten thousand,-2763Ten thousand,-31.30Ten thousand,--,--,--,--,--,--,--,--,--,-1646Ten thousand,-1646Ten thousand,-1646Ten thousand,-1646Ten thousand,-1646Ten thousand,-1646Ten thousand,-1646Ten thousand,--,--
Loan Income,-2000Ten thousand,9665Ten thousand,-1.264Hundred million,-1.264Hundred million,-2500Ten thousand,-850.0Ten thousand,3150Ten thousand,-5350Ten thousand,-2350Ten thousand,-9000Ten thousand,-5800Ten thousand,-2500Ten thousand,3500Ten thousand,2827Ten thousand,2827Ten thousand,--,--,1.343Hundred million,--,--,--,--,--,--,--,--,--,--,--,--,--,--,--,--,--,--,--,--,--,--,--,--,--,--,--,--,--,--,--,--,--,--,--,--
related issuance expenses,-2.100Ten thousand,-338.6Ten thousand,-3.900Ten thousand,--,--,--,--,--,--,--,--,--,--,-302.9Ten thousand,-302.0Ten thousand,--,--,--,--,--,--,--,--,--,--,--,--,--,--,--,-282.3Ten thousand,-278.1Ten thousand,--,-50.30Ten thousand,-49.50Ten thousand,-49.20Ten thousand,-16.80Ten thousand,-116.5Ten thousand,-8.600Ten thousand,-2.100Ten thousand,--,-29.00Ten thousand,--,--,--,--,--,--,--,--,--,--,--,-3.400Ten thousand
Excess Tax Benefits,--,--,--,--,--,--,--,--,--,--,--,--,--,--,--,--,--,--,--,--,--,--,--,--,--,--,--,--,--,--,--,--,--,109.0Ten thousand,--,--,--,26.90Ten thousand,--,--,--,81.60Ten thousand,--,--,--,--,--,--,--,--,--,--,--,--
Financing Activities Other Items,--,--,--,--,--,--,--,--,--,--,--,--,--,--,--,--,--,-2.200Ten thousand,--,--,-1.000Ten thousand,-43.50Ten thousand,-41.50Ten thousand,-4.500Ten thousand,-3.300Ten thousand,-193.6Ten thousand,-102.5Ten thousand,-79.30Ten thousand,-38.60Ten thousand,-835.7Ten thousand,-106.7Ten thousand,-70.80Ten thousand,-35.10Ten thousand,4979Ten thousand,-92.80Ten thousand,-65.00Ten thousand,-27.60Ten thousand,-205.0Ten thousand,-177.9Ten thousand,-151.0Ten thousand,--,252.6Ten thousand,276.7Ten thousand,--,--,--,--,--,--,--,--,--,-1100Ten thousand,-1116Ten thousand
Net Cash Flow from Financing Activities,-1953Ten thousand,2.723Hundred million,5217Ten thousand,4923Ten thousand,-2500Ten thousand,-818.1Ten thousand,3153Ten thousand,-5348Ten thousand,-2348Ten thousand,-8745Ten thousand,-5672Ten thousand,-2445Ten thousand,3548Ten thousand,2634Ten thousand,2545Ten thousand,-42.90Ten thousand,-14.40Ten thousand,1.382Hundred million,282.5Ten thousand,91.30Ten thousand,114.1Ten thousand,2.180Hundred million,2.174Hundred million,2027Ten thousand,-3.300Ten thousand,5124Ten thousand,1.348Hundred million,5877Ten thousand,-92.50Ten thousand,1724Ten thousand,1821Ten thousand,1861Ten thousand,29.00Ten thousand,2639Ten thousand,2597Ten thousand,4356Ten thousand,3173Ten thousand,-264.1Ten thousand,-156.0Ten thousand,-122.6Ten thousand,-8.200Ten thousand,326.6Ten thousand,298.1Ten thousand,21.40Ten thousand,21.40Ten thousand,-1646Ten thousand,-1646Ten thousand,-1646Ten thousand,-1646Ten thousand,-1646Ten thousand,-1646Ten thousand,-1646Ten thousand,-1507Ten thousand,-1369Ten thousand
Increase in cash and cash equivalents(Decrease)Amount,-195.7Ten thousand,3412Ten thousand,1.581Hundred million,1.085Hundred million,1193Ten thousand,-1517Ten thousand,-21.10Ten thousand,422.7Ten thousand,-641.8Ten thousand,-8893Ten thousand,-6325Ten thousand,-4798Ten thousand,-4413Ten thousand,2382Ten thousand,730.1Ten thousand,-567.8Ten thousand,-1953Ten thousand,3336Ten thousand,5862Ten thousand,4684Ten thousand,1875Ten thousand,4131Ten thousand,1.692Hundred million,-1561Ten thousand,-423.6Ten thousand,1665Ten thousand,9372Ten thousand,1546Ten thousand,965.2Ten thousand,4574Ten thousand,3768Ten thousand,786.0Ten thousand,1114Ten thousand,390.9Ten thousand,3534Ten thousand,413.6Ten thousand,497.6Ten thousand,-925.9Ten thousand,151.4Ten thousand,2866Ten thousand,-596.7Ten thousand,-220.2Ten thousand,-144.1Ten thousand,397.6Ten thousand,140.0Ten thousand,1383Ten thousand,2773Ten thousand,3704Ten thousand,1383Ten thousand,2773Ten thousand,3704Ten thousand,1605Ten thousand,-28.30Ten thousand,120.4Ten thousand
Beginning balance of cash and cash equivalents,9891Ten thousand,6479Ten thousand,6479Ten thousand,6479Ten thousand,6479Ten thousand,7996Ten thousand,7996Ten thousand,7996Ten thousand,7996Ten thousand,1.689Hundred million,1.689Hundred million,1.689Hundred million,1.689Hundred million,1.451Hundred million,1.451Hundred million,1.451Hundred million,1.451Hundred million,1.117Hundred million,1.117Hundred million,1.117Hundred million,1.117Hundred million,7041Ten thousand,7041Ten thousand,7041Ten thousand,7041Ten thousand,5375Ten thousand,5375Ten thousand,5375Ten thousand,5375Ten thousand,801.3Ten thousand,801.3Ten thousand,801.3Ten thousand,801.3Ten thousand,410.4Ten thousand,410.4Ten thousand,410.4Ten thousand,410.4Ten thousand,1336Ten thousand,1336Ten thousand,1336Ten thousand,1336Ten thousand,1557Ten thousand,1557Ten thousand,1557Ten thousand,1557Ten thousand,173.7Ten thousand,173.7Ten thousand,173.7Ten thousand,173.7Ten thousand,173.7Ten thousand,173.7Ten thousand,173.7Ten thousand,202.0Ten thousand,81.60Ten thousand
Ending balance of cash and cash equivalents,9695Ten thousand,9891Ten thousand,2.229Hundred million,1.733Hundred million,7672Ten thousand,6479Ten thousand,7975Ten thousand,8419Ten thousand,7354Ten thousand,7996Ten thousand,1.056Hundred million,1.209Hundred million,1.248Hundred million,1.689Hundred million,1.524Hundred million,1.394Hundred million,1.255Hundred million,1.451Hundred million,1.703Hundred million,1.585Hundred million,1.305Hundred million,1.117Hundred million,2.396Hundred million,5479Ten thousand,6617Ten thousand,7041Ten thousand,1.475Hundred million,6922Ten thousand,6341Ten thousand,5375Ten thousand,4569Ten thousand,1587Ten thousand,1916Ten thousand,801.3Ten thousand,3945Ten thousand,824.0Ten thousand,908.0Ten thousand,410.4Ten thousand,1488Ten thousand,4202Ten thousand,739.6Ten thousand,1336Ten thousand,1412Ten thousand,1954Ten thousand,1697Ten thousand,1557Ten thousand,2946Ten thousand,3878Ten thousand,1557Ten thousand,2946Ten thousand,3878Ten thousand,1778Ten thousand,173.7Ten thousand,202.0Ten thousand
Accounting standards,US GAAP,US GAAP,US GAAP,US GAAP,US GAAP,US GAAP,US GAAP,US GAAP,US GAAP,US GAAP,US GAAP,US GAAP,US GAAP,US GAAP,US GAAP,US GAAP,US GAAP,US GAAP,US GAAP,US GAAP,US GAAP,US GAAP,US GAAP,US GAAP,US GAAP,US GAAP,US GAAP,US GAAP,US GAAP,US GAAP,US GAAP,US GAAP,US GAAP,US GAAP,US GAAP,US GAAP,US GAAP,US GAAP,US GAAP,US GAAP,US GAAP,US GAAP,US GAAP,US GAAP,US GAAP,US GAAP,US GAAP,US GAAP,US GAAP,US GAAP,US GAAP,US GAAP,US GAAP,US GAAP
