0,2025-03-30,2024-12-29,2024-09-29,2024-06-30,2024-03-31,2023-12-31,2023-09-24,2023-06-25,2023-03-26,2022-12-25,2022-09-25,2022-06-26,2022-03-27,2021-12-26,2021-09-26,2021-06-27,2021-03-28,2020-12-27,2020-09-27,2020-06-28,2020-03-29,2019-12-29,2019-09-29,2019-06-30,2019-03-31,2018-12-30,2018-09-30,2018-07-01,2018-04-01,2017-12-31,2017-09-24,2017-06-25,2017-03-26,2016-12-25,2016-09-25,2016-06-26,2016-03-27,2015-12-27,2015-09-27,2015-06-28,2015-03-29,2014-12-28,2015-03-29.1,2014-12-28.1,2014-06-29,2014-03-30,2013-12-31,2012-12-31
Financial Report Type,2025/Q1 report,2024/annual report,2024/Q3 report,2024/Semi-annual report,2024/Q1 report,2023/annual report,2023/Q3 report,2023/Semi-annual report,2023/Q1 report,2022/annual report,2022/Q3 report,2022/Semi-annual report,2022/Q1 report,2021/annual report,2021/Q3 report,2021/Semi-annual report,2021/Q1 report,2020/annual report,2020/Q3 report,2020/Semi-annual report,2020/Q1 report,2019/annual report,2019/Q3 report,2019/Semi-annual report,2019/Q1 report,2018/annual report,2018/Q3 report,2018/Semi-annual report,2018/Q1 report,2017/annual report,2017/Q3 report,2017/Semi-annual report,2017/Q1 report,2016/annual report,2016/Q3 report,2016/Semi-annual report,2016/Q1 report,2015/annual report,2015/Q3 report,2015/Semi-annual report,2015/Q1 report,2014/annual report,2015/Q1 report,2014/annual report,2014/Semi-annual report,2014/Q1 report,2013/annual report,2012/annual report
year-end date,12-28,12-29,12-29,12-29,12-29,12-31,12-31,12-31,12-31,12-25,12-25,12-25,12-25,12-26,12-26,12-26,12-26,12-27,12-27,12-27,12-27,12-29,12-29,12-29,12-29,12-30,12-30,12-30,12-30,12-31,12-31,12-31,12-31,12-25,12-25,12-25,12-25,12-27,12-27,12-27,12-27,12-28,12-27,12-28,12-28,12-28,12-31,12-31
currency,US Dollar,US Dollar,US Dollar,US Dollar,US Dollar,US Dollar,US Dollar,US Dollar,US Dollar,US Dollar,US Dollar,US Dollar,US Dollar,US Dollar,US Dollar,US Dollar,US Dollar,US Dollar,US Dollar,US Dollar,US Dollar,US Dollar,US Dollar,US Dollar,US Dollar,US Dollar,US Dollar,US Dollar,US Dollar,US Dollar,US Dollar,US Dollar,US Dollar,US Dollar,US Dollar,US Dollar,US Dollar,US Dollar,US Dollar,US Dollar,US Dollar,US Dollar,US Dollar,US Dollar,US Dollar,US Dollar,US Dollar,US Dollar
Current assets,,,,,,,,,,,,,,,,,,,,,,,,,,,,,,,,,,,,,,,,,,,,,,,,
Cash and cash equivalents,5769Ten thousand,7006Ten thousand,8363Ten thousand,1.179Hundred million,1.317Hundred million,1.115Hundred million,8658Ten thousand,8879Ten thousand,9444Ten thousand,8474Ten thousand,9068Ten thousand,9535Ten thousand,9780Ten thousand,8759Ten thousand,7634Ten thousand,1.013Hundred million,1.367Hundred million,1.100Hundred million,1.600Hundred million,1.814Hundred million,4.034Hundred million,6715Ten thousand,5141Ten thousand,6465Ten thousand,8277Ten thousand,7182Ten thousand,7862Ten thousand,8169Ten thousand,1.058Hundred million,1.283Hundred million,9870Ten thousand,1.035Hundred million,9838Ten thousand,1.272Hundred million,9147Ten thousand,1.021Hundred million,1.288Hundred million,1.323Hundred million,1.356Hundred million,1.328Hundred million,1.356Hundred million,1.657Hundred million,1.356Hundred million,1.657Hundred million,1.558Hundred million,1.726Hundred million,2.099Hundred million,2.617Hundred million
Restricted cash and others(Current),--,--,--,--,--,285.4Ten thousand,--,--,--,--,14.30Ten thousand,10.10Ten thousand,10.10Ten thousand,147.2Ten thousand,424.7Ten thousand,179.0Ten thousand,--,42.80Ten thousand,248.2Ten thousand,109.9Ten thousand,--,--,--,218.7Ten thousand,--,--,--,452.1Ten thousand,--,128.0Ten thousand,373.5Ten thousand,--,80.50Ten thousand,788.6Ten thousand,80.30Ten thousand,80.20Ten thousand,330.0Ten thousand,677.2Ten thousand,489.5Ten thousand,435.6Ten thousand,606.1Ten thousand,682.9Ten thousand,606.1Ten thousand,682.9Ten thousand,382.2Ten thousand,285.9Ten thousand,336.4Ten thousand,484.6Ten thousand
inventory,6057Ten thousand,6870Ten thousand,7195Ten thousand,7408Ten thousand,6521Ten thousand,6295Ten thousand,7056Ten thousand,6233Ten thousand,6790Ten thousand,7812Ten thousand,8325Ten thousand,8048Ten thousand,6880Ten thousand,7911Ten thousand,7243Ten thousand,5900Ten thousand,5391Ten thousand,6193Ten thousand,5884Ten thousand,6356Ten thousand,6809Ten thousand,8686Ten thousand,7338Ten thousand,6924Ten thousand,7315Ten thousand,7281Ten thousand,4852Ten thousand,4864Ten thousand,5018Ten thousand,5126Ten thousand,5102Ten thousand,5263Ten thousand,5226Ten thousand,6523Ten thousand,6651Ten thousand,6768Ten thousand,7436Ten thousand,8070Ten thousand,7956Ten thousand,7207Ten thousand,7325Ten thousand,8082Ten thousand,7325Ten thousand,8082Ten thousand,6534Ten thousand,6680Ten thousand,8061Ten thousand,7818Ten thousand
Deferred income tax assets(Current),--,--,--,--,--,--,--,--,--,--,--,--,--,--,--,--,--,--,--,--,--,--,--,--,--,--,--,--,--,--,--,--,--,--,--,--,--,--,1.254Hundred million,1.262Hundred million,1.246Hundred million,1.239Hundred million,1.246Hundred million,1.239Hundred million,7003Ten thousand,6999Ten thousand,7080Ten thousand,3977Ten thousand
available-for-sale investments(Current),--,--,--,--,--,--,--,--,--,--,--,--,--,--,--,--,--,--,--,--,--,--,--,--,--,--,--,--,--,--,--,--,--,--,--,--,--,--,18.50Ten thousand,210.6Ten thousand,441.6Ten thousand,1667Ten thousand,441.6Ten thousand,1667Ten thousand,--,--,--,--
assets from discontinued operations,--,2299Ten thousand,--,--,--,2810Ten thousand,--,--,--,--,--,--,--,--,--,--,--,--,--,--,--,--,--,--,--,--,--,--,--,--,--,--,--,--,--,--,--,--,--,--,--,--,--,--,--,--,--,--
Other current assets,2.006Hundred million,1.588Hundred million,1.055Hundred million,1.082Hundred million,1.013Hundred million,1.379Hundred million,1.040Hundred million,9677Ten thousand,8551Ten thousand,1.837Hundred million,1.016Hundred million,1.170Hundred million,1.046Hundred million,1.846Hundred million,8764Ten thousand,8498Ten thousand,8243Ten thousand,1.515Hundred million,7684Ten thousand,8149Ten thousand,1.010Hundred million,1.865Hundred million,8680Ten thousand,9782Ten thousand,9391Ten thousand,1.908Hundred million,1.013Hundred million,1.132Hundred million,1.153Hundred million,1.794Hundred million,1.053Hundred million,9705Ten thousand,8985Ten thousand,1.902Hundred million,9156Ten thousand,9565Ten thousand,9419Ten thousand,1.988Hundred million,9515Ten thousand,1.090Hundred million,1.403Hundred million,2.048Hundred million,1.403Hundred million,2.048Hundred million,1.329Hundred million,1.190Hundred million,1.194Hundred million,1.033Hundred million
Other current assets,--,--,--,--,--,--,--,--,--,--,--,--,--,--,--,--,--,--,--,--,--,--,--,--,--,--,--,--,--,--,--,--,--,--,--,2994Ten thousand,--,--,--,--,--,--,--,--,--,--,--,--
Total current assets,3.189Hundred million,3.205Hundred million,2.611Hundred million,3.002Hundred million,2.982Hundred million,3.433Hundred million,2.611Hundred million,2.479Hundred million,2.478Hundred million,3.466Hundred million,2.757Hundred million,2.929Hundred million,2.713Hundred million,3.528Hundred million,2.407Hundred million,2.471Hundred million,2.730Hundred million,3.239Hundred million,2.982Hundred million,3.276Hundred million,5.724Hundred million,3.405Hundred million,2.116Hundred million,2.339Hundred million,2.498Hundred million,3.355Hundred million,2.285Hundred million,2.481Hundred million,2.713Hundred million,3.602Hundred million,2.587Hundred million,2.532Hundred million,2.413Hundred million,3.905Hundred million,2.504Hundred million,2.961Hundred million,3.007Hundred million,4.186Hundred million,4.408Hundred million,4.465Hundred million,4.843Hundred million,5.987Hundred million,4.843Hundred million,5.987Hundred million,4.279Hundred million,4.313Hundred million,4.840Hundred million,4.878Hundred million
Non-current assets,,,,,,,,,,,,,,,,,,,,,,,,,,,,,,,,,,,,,,,,,,,,,,,,
Property、factory and equipment,9.515Hundred million,9.485Hundred million,10.69Hundred million,10.56Hundred million,10.46Hundred million,9.282Hundred million,10.21Hundred million,9.760Hundred million,9.362Hundred million,9.141Hundred million,8.756Hundred million,8.522Hundred million,8.411Hundred million,8.420Hundred million,8.521Hundred million,8.550Hundred million,8.628Hundred million,8.877Hundred million,9.009Hundred million,9.300Hundred million,9.961Hundred million,10.36Hundred million,10.50Hundred million,10.59Hundred million,10.79Hundred million,11.16Hundred million,11.29Hundred million,11.41Hundred million,11.67Hundred million,11.73Hundred million,11.84Hundred million,11.94Hundred million,11.95Hundred million,12.37Hundred million,14.19Hundred million,14.98Hundred million,15.91Hundred million,15.94Hundred million,16.23Hundred million,16.32Hundred million,16.22Hundred million,16.29Hundred million,16.22Hundred million,16.29Hundred million,16.52Hundred million,16.27Hundred million,16.34Hundred million,15.06Hundred million
Intangible assets,4.281Hundred million,4.291Hundred million,4.376Hundred million,4.395Hundred million,4.414Hundred million,4.329Hundred million,4.444Hundred million,4.456Hundred million,4.467Hundred million,4.483Hundred million,4.500Hundred million,4.527Hundred million,4.530Hundred million,4.534Hundred million,4.561Hundred million,4.574Hundred million,4.578Hundred million,4.600Hundred million,4.610Hundred million,4.630Hundred million,4.681Hundred million,4.706Hundred million,4.730Hundred million,4.765Hundred million,4.797Hundred million,5.040Hundred million,5.059Hundred million,5.114Hundred million,5.191Hundred million,5.223Hundred million,5.277Hundred million,5.297Hundred million,5.353Hundred million,5.355Hundred million,5.422Hundred million,5.417Hundred million,5.414Hundred million,5.468Hundred million,5.536Hundred million,5.639Hundred million,5.745Hundred million,5.854Hundred million,5.745Hundred million,5.854Hundred million,6.108Hundred million,6.113Hundred million,6.171Hundred million,5.518Hundred million
goodwill,2.133Hundred million,2.133Hundred million,2.686Hundred million,2.724Hundred million,2.757Hundred million,2.133Hundred million,2.759Hundred million,2.746Hundred million,2.725Hundred million,2.730Hundred million,2.731Hundred million,2.788Hundred million,2.735Hundred million,2.684Hundred million,2.735Hundred million,2.727Hundred million,2.686Hundred million,2.712Hundred million,2.697Hundred million,2.714Hundred million,2.826Hundred million,2.884Hundred million,2.900Hundred million,2.943Hundred million,2.978Hundred million,2.954Hundred million,2.918Hundred million,2.986Hundred million,3.108Hundred million,3.102Hundred million,3.153Hundred million,3.129Hundred million,3.165Hundred million,3.101Hundred million,3.146Hundred million,3.046Hundred million,2.979Hundred million,3.009Hundred million,3.063Hundred million,3.182Hundred million,3.298Hundred million,3.415Hundred million,3.298Hundred million,3.415Hundred million,3.531Hundred million,3.464Hundred million,3.463Hundred million,2.710Hundred million
Restricted cash and others(Non-current),--,--,--,--,--,--,--,--,--,--,--,--,--,--,--,--,--,--,--,--,--,--,--,--,--,--,--,--,--,--,--,--,--,112.4Ten thousand,--,--,41.00Ten thousand,1627Ten thousand,1618Ten thousand,2404Ten thousand,2524Ten thousand,2545Ten thousand,2524Ten thousand,2545Ten thousand,2589Ten thousand,2504Ten thousand,2506Ten thousand,1524Ten thousand
Deferred income tax assets(Non-current),1.938Hundred million,1.855Hundred million,1.778Hundred million,1.649Hundred million,1.582Hundred million,1.552Hundred million,1.548Hundred million,1.524Hundred million,1.514Hundred million,1.531Hundred million,1.589Hundred million,1.581Hundred million,1.627Hundred million,1.681Hundred million,1.619Hundred million,1.565Hundred million,1.661Hundred million,1.539Hundred million,1.467Hundred million,1.295Hundred million,9587Ten thousand,7343Ten thousand,6663Ten thousand,5650Ten thousand,4977Ten thousand,9299Ten thousand,7624Ten thousand,6795Ten thousand,5843Ten thousand,6049Ten thousand,5980Ten thousand,5655Ten thousand,5610Ten thousand,3876Ten thousand,366.9Ten thousand,34.20Ten thousand,765.6Ten thousand,763.1Ten thousand,494.5Ten thousand,540.4Ten thousand,654.0Ten thousand,603.8Ten thousand,654.0Ten thousand,603.8Ten thousand,337.2Ten thousand,279.0Ten thousand,239.2Ten thousand,253.2Ten thousand
available-for-sale investments(Non-current),--,--,--,--,--,--,--,--,--,--,--,--,--,--,--,--,--,--,--,--,--,--,--,--,--,--,--,--,--,--,--,--,3640Ten thousand,--,--,1688Ten thousand,--,--,--,--,--,--,--,--,--,--,--,--
Other investments,6178Ten thousand,--,--,--,--,--,--,--,--,--,--,--,--,--,--,--,--,--,--,--,--,--,--,--,--,--,--,--,--,--,--,--,--,--,--,--,--,--,--,--,--,--,--,--,--,--,--,3675Ten thousand
Other non-current assets,1.060Hundred million,7447Ten thousand,1.376Hundred million,8635Ten thousand,8786Ten thousand,6009Ten thousand,8463Ten thousand,8739Ten thousand,8514Ten thousand,8215Ten thousand,7096Ten thousand,7305Ten thousand,7717Ten thousand,7867Ten thousand,8212Ten thousand,9646Ten thousand,9091Ten thousand,9263Ten thousand,9900Ten thousand,9911Ten thousand,1.017Hundred million,1.171Hundred million,1.152Hundred million,1.163Hundred million,1.196Hundred million,1.210Hundred million,1.191Hundred million,1.224Hundred million,1.276Hundred million,1.353Hundred million,1.272Hundred million,1.342Hundred million,1.304Hundred million,1.291Hundred million,1.307Hundred million,1.264Hundred million,1.460Hundred million,1.479Hundred million,1.484Hundred million,1.543Hundred million,1.563Hundred million,1.517Hundred million,1.563Hundred million,1.517Hundred million,1.607Hundred million,1.650Hundred million,1.652Hundred million,1.454Hundred million
Other non-current assets,10.32Hundred million,12.13Hundred million,10.81Hundred million,10.74Hundred million,10.87Hundred million,12.91Hundred million,11.09Hundred million,10.89Hundred million,10.92Hundred million,11.03Hundred million,11.15Hundred million,11.22Hundred million,11.25Hundred million,11.31Hundred million,11.52Hundred million,11.62Hundred million,11.66Hundred million,11.73Hundred million,11.92Hundred million,12.13Hundred million,12.50Hundred million,12.67Hundred million,12.62Hundred million,12.75Hundred million,12.76Hundred million,--,--,--,--,--,--,--,--,--,--,--,--,--,--,--,--,--,--,--,--,--,--,--
Total non-current assets,29.86Hundred million,30.64Hundred million,31.73Hundred million,30.94Hundred million,30.96Hundred million,30.81Hundred million,30.90Hundred million,30.25Hundred million,29.84Hundred million,29.74Hundred million,29.43Hundred million,29.37Hundred million,29.32Hundred million,29.41Hundred million,29.78Hundred million,30.00Hundred million,30.12Hundred million,30.38Hundred million,30.69Hundred million,31.06Hundred million,31.94Hundred million,32.52Hundred million,32.57Hundred million,32.78Hundred million,33.03Hundred million,21.29Hundred million,21.22Hundred million,21.42Hundred million,21.83Hundred million,22.02Hundred million,22.14Hundred million,22.28Hundred million,22.70Hundred million,22.52Hundred million,24.10Hundred million,24.88Hundred million,25.85Hundred million,26.14Hundred million,26.52Hundred million,26.98Hundred million,27.14Hundred million,27.40Hundred million,27.14Hundred million,27.40Hundred million,28.06Hundred million,27.78Hundred million,27.90Hundred million,25.29Hundred million
total assets,33.05Hundred million,33.85Hundred million,34.34Hundred million,33.94Hundred million,33.94Hundred million,34.24Hundred million,33.51Hundred million,32.73Hundred million,32.32Hundred million,33.20Hundred million,32.19Hundred million,32.30Hundred million,32.03Hundred million,32.94Hundred million,32.19Hundred million,32.47Hundred million,32.85Hundred million,33.62Hundred million,33.68Hundred million,34.34Hundred million,37.67Hundred million,35.93Hundred million,34.69Hundred million,35.12Hundred million,35.53Hundred million,24.65Hundred million,23.51Hundred million,23.90Hundred million,24.54Hundred million,25.62Hundred million,24.73Hundred million,24.81Hundred million,25.11Hundred million,26.42Hundred million,26.60Hundred million,27.84Hundred million,28.85Hundred million,30.33Hundred million,30.93Hundred million,31.45Hundred million,31.99Hundred million,33.38Hundred million,31.99Hundred million,33.38Hundred million,32.34Hundred million,32.09Hundred million,32.74Hundred million,30.17Hundred million
Current liabilities,,,,,,,,,,,,,,,,,,,,,,,,,,,,,,,,,,,,,,,,,,,,,,,,
accounts payable,1.432Hundred million,1.532Hundred million,1.683Hundred million,1.782Hundred million,1.777Hundred million,1.559Hundred million,1.981Hundred million,2.022Hundred million,1.961Hundred million,1.837Hundred million,1.878Hundred million,1.856Hundred million,1.727Hundred million,1.680Hundred million,1.574Hundred million,1.601Hundred million,1.468Hundred million,1.415Hundred million,1.163Hundred million,1.048Hundred million,1.412Hundred million,1.749Hundred million,1.600Hundred million,1.515Hundred million,1.663Hundred million,1.745Hundred million,1.637Hundred million,1.648Hundred million,1.723Hundred million,1.855Hundred million,1.834Hundred million,1.878Hundred million,1.976Hundred million,1.954Hundred million,1.897Hundred million,2.030Hundred million,2.170Hundred million,1.931Hundred million,1.973Hundred million,2.027Hundred million,2.071Hundred million,1.912Hundred million,2.071Hundred million,1.912Hundred million,1.883Hundred million,1.769Hundred million,1.646Hundred million,1.318Hundred million
Unearned and accrued expenses,1.564Hundred million,1.783Hundred million,2.178Hundred million,2.107Hundred million,2.252Hundred million,1.977Hundred million,2.420Hundred million,2.115Hundred million,3.995Hundred million,2.174Hundred million,4.302Hundred million,4.128Hundred million,4.264Hundred million,4.069Hundred million,4.446Hundred million,4.393Hundred million,4.283Hundred million,3.883Hundred million,4.069Hundred million,3.800Hundred million,3.784Hundred million,3.915Hundred million,3.870Hundred million,3.711Hundred million,3.783Hundred million,2.467Hundred million,2.279Hundred million,2.185Hundred million,2.337Hundred million,2.708Hundred million,2.259Hundred million,2.220Hundred million,2.163Hundred million,2.044Hundred million,2.024Hundred million,2.103Hundred million,1.931Hundred million,2.066Hundred million,1.948Hundred million,2.086Hundred million,2.225Hundred million,2.462Hundred million,2.225Hundred million,2.462Hundred million,1.910Hundred million,1.973Hundred million,1.943Hundred million,1.923Hundred million
Long-term liabilities(Current period portion),--,--,--,--,--,--,--,--,226.7Ten thousand,--,148.1Ten thousand,151.1Ten thousand,1122Ten thousand,1096Ten thousand,1109Ten thousand,1102Ten thousand,4183Ten thousand,3871Ten thousand,3560Ten thousand,3235Ten thousand,2937Ten thousand,2641Ten thousand,2655Ten thousand,2671Ten thousand,2668Ten thousand,2719Ten thousand,2677Ten thousand,2596Ten thousand,2562Ten thousand,2634Ten thousand,5883Ten thousand,4450Ten thousand,4876Ten thousand,3508Ten thousand,3955Ten thousand,4664Ten thousand,1.134Hundred million,3185Ten thousand,2173Ten thousand,2560Ten thousand,2549Ten thousand,2414Ten thousand,2549Ten thousand,2414Ten thousand,2233Ten thousand,1200Ten thousand,1355Ten thousand,2299Ten thousand
Deferred revenue(Current),3.177Hundred million,3.741Hundred million,2.935Hundred million,3.090Hundred million,3.200Hundred million,3.802Hundred million,2.941Hundred million,3.126Hundred million,3.226Hundred million,3.942Hundred million,2.918Hundred million,3.099Hundred million,3.253Hundred million,3.988Hundred million,2.841Hundred million,3.030Hundred million,3.150Hundred million,3.816Hundred million,2.801Hundred million,2.936Hundred million,2.891Hundred million,3.693Hundred million,2.172Hundred million,2.373Hundred million,2.507Hundred million,3.427Hundred million,2.023Hundred million,2.219Hundred million,2.357Hundred million,3.308Hundred million,2.486Hundred million,2.699Hundred million,2.841Hundred million,3.885Hundred million,2.424Hundred million,2.649Hundred million,2.796Hundred million,3.826Hundred million,2.368Hundred million,2.585Hundred million,2.721Hundred million,3.767Hundred million,2.721Hundred million,3.767Hundred million,2.493Hundred million,2.613Hundred million,3.594Hundred million,3.295Hundred million
Capital Lease Debt(Current),1.612Hundred million,1.588Hundred million,1.694Hundred million,1.694Hundred million,1.712Hundred million,1.637Hundred million,1.857Hundred million,1.854Hundred million,--,1.835Hundred million,--,--,--,--,--,--,--,--,--,--,--,--,--,--,--,--,--,--,--,--,--,--,--,--,--,--,--,--,215.0Ten thousand,714.7Ten thousand,818.9Ten thousand,--,818.9Ten thousand,--,926.8Ten thousand,1017Ten thousand,1255Ten thousand,1477Ten thousand
Other current liabilities,--,8796Ten thousand,--,--,--,1.049Hundred million,--,--,--,--,--,--,--,--,--,--,--,--,--,--,--,--,--,--,--,--,--,--,--,--,--,--,--,--,--,--,--,--,--,--,--,--,--,--,--,--,--,--
Total current liabilities,7.785Hundred million,9.523Hundred million,8.490Hundred million,8.673Hundred million,8.941Hundred million,10.02Hundred million,9.198Hundred million,9.116Hundred million,9.204Hundred million,9.789Hundred million,9.113Hundred million,9.099Hundred million,9.356Hundred million,9.846Hundred million,8.972Hundred million,9.135Hundred million,9.320Hundred million,9.501Hundred million,8.390Hundred million,8.108Hundred million,8.380Hundred million,9.620Hundred million,7.908Hundred million,7.866Hundred million,8.220Hundred million,7.910Hundred million,6.206Hundred million,6.312Hundred million,6.674Hundred million,8.134Hundred million,7.168Hundred million,7.242Hundred million,7.468Hundred million,8.234Hundred million,6.740Hundred million,7.248Hundred million,8.031Hundred million,8.142Hundred million,6.528Hundred million,7.025Hundred million,7.355Hundred million,8.383Hundred million,7.355Hundred million,8.383Hundred million,6.602Hundred million,6.576Hundred million,7.445Hundred million,6.914Hundred million
Non-current liabilities,,,,,,,,,,,,,,,,,,,,,,,,,,,,,,,,,,,,,,,,,,,,,,,,
Deferred income tax liabilities(Non-current),2393Ten thousand,3382Ten thousand,--,--,--,--,--,--,--,--,--,--,--,--,--,--,--,--,--,326.2Ten thousand,915.1Ten thousand,1378Ten thousand,1484Ten thousand,1367Ten thousand,1473Ten thousand,1479Ten thousand,1385Ten thousand,1454Ten thousand,1716Ten thousand,1693Ten thousand,1776Ten thousand,1657Ten thousand,1741Ten thousand,1671Ten thousand,2321Ten thousand,3826Ten thousand,5191Ten thousand,5355Ten thousand,1.774Hundred million,1.786Hundred million,1.779Hundred million,1.811Hundred million,1.779Hundred million,1.811Hundred million,1.448Hundred million,1.427Hundred million,1.506Hundred million,1.959Hundred million
Deferred revenue(Non-current),--,--,--,--,--,--,--,--,--,--,--,--,--,--,--,--,--,--,--,--,--,--,--,--,--,1.670Hundred million,1.657Hundred million,3.465Hundred million,3.475Hundred million,1.600Hundred million,3.453Hundred million,3.371Hundred million,3.330Hundred million,3.328Hundred million,1.510Hundred million,1.470Hundred million,1.457Hundred million,1.729Hundred million,1.373Hundred million,1.351Hundred million,1.301Hundred million,1.218Hundred million,1.301Hundred million,1.218Hundred million,1.147Hundred million,1.081Hundred million,1.060Hundred million,8764Ten thousand
Long-term liabilities,9.176Hundred million,10.27Hundred million,10.92Hundred million,10.02Hundred million,9.518Hundred million,7.807Hundred million,7.894Hundred million,7.640Hundred million,7.657Hundred million,8.285Hundred million,8.202Hundred million,8.002Hundred million,7.110Hundred million,7.821Hundred million,8.281Hundred million,8.390Hundred million,9.515Hundred million,9.978Hundred million,11.12Hundred million,11.78Hundred million,13.89Hundred million,10.22Hundred million,10.93Hundred million,11.22Hundred million,10.38Hundred million,10.68Hundred million,11.24Hundred million,11.14Hundred million,11.17Hundred million,10.92Hundred million,11.42Hundred million,10.82Hundred million,9.664Hundred million,10.54Hundred million,11.86Hundred million,12.14Hundred million,12.12Hundred million,12.85Hundred million,13.78Hundred million,12.95Hundred million,12.86Hundred million,12.86Hundred million,12.86Hundred million,12.86Hundred million,13.82Hundred million,13.93Hundred million,14.06Hundred million,14.71Hundred million
Other non-current liabilities,1.046Hundred million,9342Ten thousand,1.055Hundred million,1.008Hundred million,1.043Hundred million,8303Ten thousand,9409Ten thousand,9365Ten thousand,8612Ten thousand,9054Ten thousand,8685Ten thousand,8849Ten thousand,9050Ten thousand,1.252Hundred million,1.304Hundred million,1.343Hundred million,1.437Hundred million,1.854Hundred million,1.738Hundred million,1.629Hundred million,1.486Hundred million,1.381Hundred million,1.444Hundred million,1.461Hundred million,1.408Hundred million,1.915Hundred million,1.861Hundred million,1.924Hundred million,1.972Hundred million,2.104Hundred million,2.140Hundred million,2.192Hundred million,2.277Hundred million,2.190Hundred million,3.601Hundred million,3.264Hundred million,2.841Hundred million,2.615Hundred million,2.482Hundred million,2.528Hundred million,2.624Hundred million,3.302Hundred million,2.624Hundred million,3.302Hundred million,2.539Hundred million,2.801Hundred million,2.847Hundred million,2.642Hundred million
Capital Lease Debt(Non-current),10.96Hundred million,10.89Hundred million,11.42Hundred million,11.34Hundred million,11.39Hundred million,10.87Hundred million,11.52Hundred million,11.32Hundred million,11.37Hundred million,11.49Hundred million,11.61Hundred million,--,--,11.79Hundred million,--,--,--,--,--,--,--,--,--,--,--,--,--,--,--,--,--,--,--,--,--,--,--,--,5736Ten thousand,6001Ten thousand,6304Ten thousand,--,6304Ten thousand,--,7578Ten thousand,7486Ten thousand,7812Ten thousand,8576Ten thousand
Other non-current liabilities,--,4987Ten thousand,--,--,--,5865Ten thousand,--,--,--,--,--,11.69Hundred million,11.73Hundred million,--,11.97Hundred million,12.07Hundred million,12.13Hundred million,12.18Hundred million,12.30Hundred million,12.49Hundred million,12.81Hundred million,12.79Hundred million,12.74Hundred million,12.85Hundred million,12.85Hundred million,1.780Hundred million,1.803Hundred million,--,--,1.881Hundred million,--,--,--,--,--,--,--,--,--,--,--,--,--,--,--,--,--,--
Total non-current liabilities,21.42Hundred million,22.93Hundred million,23.40Hundred million,22.37Hundred million,21.95Hundred million,20.10Hundred million,20.35Hundred million,19.90Hundred million,19.89Hundred million,20.68Hundred million,20.68Hundred million,20.57Hundred million,19.74Hundred million,20.87Hundred million,21.55Hundred million,21.80Hundred million,23.08Hundred million,24.01Hundred million,25.16Hundred million,25.94Hundred million,28.28Hundred million,24.53Hundred million,25.27Hundred million,25.67Hundred million,24.78Hundred million,16.19Hundred million,16.70Hundred million,16.67Hundred million,16.78Hundred million,16.67Hundred million,17.19Hundred million,16.55Hundred million,15.45Hundred million,16.23Hundred million,17.20Hundred million,17.26Hundred million,16.94Hundred million,17.73Hundred million,19.98Hundred million,19.22Hundred million,19.19Hundred million,19.19Hundred million,19.19Hundred million,19.19Hundred million,19.71Hundred million,19.99Hundred million,20.25Hundred million,21.05Hundred million
total liabilities,29.21Hundred million,32.45Hundred million,31.89Hundred million,31.04Hundred million,30.89Hundred million,30.12Hundred million,29.55Hundred million,29.01Hundred million,29.09Hundred million,30.47Hundred million,29.79Hundred million,29.67Hundred million,29.10Hundred million,30.71Hundred million,30.52Hundred million,30.94Hundred million,32.40Hundred million,33.51Hundred million,33.55Hundred million,34.04Hundred million,36.66Hundred million,34.15Hundred million,33.17Hundred million,33.53Hundred million,33.00Hundred million,24.10Hundred million,22.91Hundred million,22.98Hundred million,23.46Hundred million,24.81Hundred million,24.36Hundred million,23.79Hundred million,22.91Hundred million,24.46Hundred million,23.94Hundred million,24.51Hundred million,24.97Hundred million,25.87Hundred million,26.51Hundred million,26.24Hundred million,26.55Hundred million,27.57Hundred million,26.55Hundred million,27.57Hundred million,26.32Hundred million,26.57Hundred million,27.69Hundred million,27.96Hundred million
Capital and Reserves,,,,,,,,,,,,,,,,,,,,,,,,,,,,,,,,,,,,,,,,,,,,,,,,
Common stock,85.00Ten thousand,84.90Ten thousand,84.80Ten thousand,85.80Ten thousand,87.80Ten thousand,87.00Ten thousand,87.20Ten thousand,87.30Ten thousand,87.50Ten thousand,87.70Ten thousand,88.40Ten thousand,90.20Ten thousand,89.20Ten thousand,89.30Ten thousand,89.20Ten thousand,89.20Ten thousand,88.90Ten thousand,87.90Ten thousand,87.50Ten thousand,87.50Ten thousand,87.40Ten thousand,86.90Ten thousand,86.90Ten thousand,86.80Ten thousand,91.60Ten thousand,91.30Ten thousand,91.90Ten thousand,92.40Ten thousand,91.40Ten thousand,91.90Ten thousand,91.20Ten thousand,95.00Ten thousand,101.5Ten thousand,103.9Ten thousand,105.2Ten thousand,111.9Ten thousand,115.0Ten thousand,119.2Ten thousand,119.8Ten thousand,122.6Ten thousand,123.8Ten thousand,125.9Ten thousand,123.8Ten thousand,125.9Ten thousand,125.6Ten thousand,125.5Ten thousand,124.8Ten thousand,121.1Ten thousand
Preferred stock,--,--,--,--,--,--,--,--,--,--,--,--,--,--,--,--,--,--,--,--,--,--,--,--,--,--,--,--,--,--,--,--,--,--,--,--,--,--,--,--,--,--,--,--,--,--,--,--
Retained earnings,-8.837Hundred million,-9.258Hundred million,-8.464Hundred million,-8.349Hundred million,-8.099Hundred million,-5.288Hundred million,-5.542Hundred million,-5.827Hundred million,-6.355Hundred million,-7.061Hundred million,-7.353Hundred million,-7.337Hundred million,-6.344Hundred million,-6.982Hundred million,-7.589Hundred million,-7.623Hundred million,-8.449Hundred million,-9.181Hundred million,-9.039Hundred million,-8.862Hundred million,-7.940Hundred million,-7.551Hundred million,-7.831Hundred million,-7.923Hundred million,-7.144Hundred million,-9.200Hundred million,-9.159Hundred million,-9.020Hundred million,-8.988Hundred million,-9.132Hundred million,-9.613Hundred million,-8.916Hundred million,-7.817Hundred million,-7.868Hundred million,-7.475Hundred million,-6.332Hundred million,-5.590Hundred million,-5.184Hundred million,-5.260Hundred million,-4.827Hundred million,-4.846Hundred million,-4.750Hundred million,-4.846Hundred million,-4.750Hundred million,-4.858Hundred million,-5.119Hundred million,-5.652Hundred million,-7.731Hundred million
Share Premium,12.61Hundred million,12.73Hundred million,12.92Hundred million,13.09Hundred million,12.91Hundred million,11.15Hundred million,11.25Hundred million,11.33Hundred million,11.41Hundred million,11.62Hundred million,11.60Hundred million,11.70Hundred million,11.15Hundred million,11.20Hundred million,11.15Hundred million,11.10Hundred million,10.98Hundred million,11.33Hundred million,11.26Hundred million,11.24Hundred million,10.74Hundred million,10.94Hundred million,10.95Hundred million,11.00Hundred million,10.99Hundred million,11.08Hundred million,11.09Hundred million,11.09Hundred million,10.92Hundred million,10.82Hundred million,10.78Hundred million,10.80Hundred million,10.77Hundred million,10.80Hundred million,10.68Hundred million,10.69Hundred million,10.69Hundred million,10.73Hundred million,10.75Hundred million,10.88Hundred million,10.87Hundred million,10.86Hundred million,10.87Hundred million,10.86Hundred million,10.71Hundred million,10.67Hundred million,10.69Hundred million,10.01Hundred million
Other comprehensive income,222.5Ten thousand,-2.128Hundred million,-2.039Hundred million,-1.886Hundred million,-1.791Hundred million,-1.783Hundred million,-1.788Hundred million,-1.819Hundred million,-1.864Hundred million,-1.853Hundred million,-1.868Hundred million,-1.761Hundred million,-1.904Hundred million,-2.060Hundred million,-1.977Hundred million,-2.022Hundred million,-2.151Hundred million,-2.114Hundred million,-2.180Hundred million,-2.171Hundred million,-1.890Hundred million,-1.698Hundred million,-1.689Hundred million,-1.573Hundred million,-1.417Hundred million,-1.428Hundred million,-1.433Hundred million,-1.267Hundred million,-9664Ten thousand,-9920Ten thousand,-9155Ten thousand,-9882Ten thousand,-8968Ten thousand,-1.111Hundred million,-9498Ten thousand,-1.401Hundred million,-1.571Hundred million,-1.474Hundred million,-1.403Hundred million,-1.154Hundred million,-9002Ten thousand,-6054Ten thousand,-9002Ten thousand,-6054Ten thousand,-1270Ten thousand,-3178Ten thousand,-2642Ten thousand,-1480Ten thousand
equity attributable to parent company shareholders,3.806Hundred million,1.355Hundred million,2.421Hundred million,2.868Hundred million,3.027Hundred million,4.091Hundred million,3.931Hundred million,3.689Hundred million,3.200Hundred million,2.714Hundred million,2.385Hundred million,2.608Hundred million,2.916Hundred million,2.165Hundred million,1.598Hundred million,1.463Hundred million,3860Ten thousand,414.5Ten thousand,513.4Ten thousand,2111Ten thousand,9195Ten thousand,1.703Hundred million,1.443Hundred million,1.508Hundred million,2.442Hundred million,4573Ten thousand,5035Ten thousand,8123Ten thousand,9766Ten thousand,7034Ten thousand,2565Ten thousand,9023Ten thousand,2.071Hundred million,1.827Hundred million,2.268Hundred million,2.966Hundred million,3.541Hundred million,4.083Hundred million,4.103Hundred million,4.913Hundred million,5.139Hundred million,5.514Hundred million,5.139Hundred million,5.514Hundred million,5.741Hundred million,5.245Hundred million,4.784Hundred million,2.143Hundred million
minority shareholder equity,425.3Ten thousand,393.6Ten thousand,285.2Ten thousand,288.5Ten thousand,275.0Ten thousand,288.1Ten thousand,277.0Ten thousand,294.4Ten thousand,284.5Ten thousand,254.0Ten thousand,164.7Ten thousand,191.9Ten thousand,169.4Ten thousand,638.9Ten thousand,652.0Ten thousand,661.8Ten thousand,680.1Ten thousand,681.2Ten thousand,742.1Ten thousand,808.8Ten thousand,819.3Ten thousand,713.9Ten thousand,729.1Ten thousand,781.4Ten thousand,817.9Ten thousand,908.7Ten thousand,978.8Ten thousand,1024Ten thousand,1078Ten thousand,1089Ten thousand,1156Ten thousand,1156Ten thousand,1251Ten thousand,1320Ten thousand,3889Ten thousand,3679Ten thousand,3406Ten thousand,3710Ten thousand,3200Ten thousand,2914Ten thousand,2999Ten thousand,2983Ten thousand,2999Ten thousand,2983Ten thousand,2840Ten thousand,2775Ten thousand,2631Ten thousand,591.7Ten thousand
Total Shareholders' Equity,3.849Hundred million,1.394Hundred million,2.450Hundred million,2.897Hundred million,3.054Hundred million,4.120Hundred million,3.959Hundred million,3.719Hundred million,3.228Hundred million,2.739Hundred million,2.401Hundred million,2.627Hundred million,2.933Hundred million,2.229Hundred million,1.663Hundred million,1.529Hundred million,4541Ten thousand,1096Ten thousand,1256Ten thousand,2920Ten thousand,1.001Hundred million,1.775Hundred million,1.516Hundred million,1.586Hundred million,2.524Hundred million,5482Ten thousand,6014Ten thousand,9147Ten thousand,1.084Hundred million,8123Ten thousand,3721Ten thousand,1.018Hundred million,2.196Hundred million,1.959Hundred million,2.657Hundred million,3.334Hundred million,3.882Hundred million,4.454Hundred million,4.423Hundred million,5.204Hundred million,5.439Hundred million,5.812Hundred million,5.439Hundred million,5.812Hundred million,6.025Hundred million,5.523Hundred million,5.047Hundred million,2.202Hundred million
Total Liabilities and Shareholders' Equity,33.05Hundred million,33.85Hundred million,34.34Hundred million,33.94Hundred million,33.94Hundred million,34.24Hundred million,33.51Hundred million,32.73Hundred million,32.32Hundred million,33.20Hundred million,32.19Hundred million,32.30Hundred million,32.03Hundred million,32.94Hundred million,32.19Hundred million,32.47Hundred million,32.85Hundred million,33.62Hundred million,33.68Hundred million,34.34Hundred million,37.67Hundred million,35.93Hundred million,34.69Hundred million,35.12Hundred million,35.53Hundred million,24.65Hundred million,23.51Hundred million,23.90Hundred million,24.54Hundred million,25.62Hundred million,24.73Hundred million,24.81Hundred million,25.11Hundred million,26.42Hundred million,26.60Hundred million,27.84Hundred million,28.85Hundred million,30.33Hundred million,30.93Hundred million,31.45Hundred million,31.99Hundred million,33.38Hundred million,31.99Hundred million,33.38Hundred million,32.34Hundred million,32.09Hundred million,32.74Hundred million,30.17Hundred million
Non-operating items,--,--,--,--,--,--,--,--,--,--,--,--,--,--,--,--,--,--,--,--,--,--,--,--,--,--,--,--,--,--,3663Ten thousand,1.012Hundred million,2.191Hundred million,1.954Hundred million,2.396Hundred million,--,7.424Hundred million,4.219Hundred million,--,4.959Hundred million,5.188Hundred million,--,5.188Hundred million,--,5.795Hundred million,5.302Hundred million,4.827Hundred million,2.202Hundred million
Accounting standards,US GAAP,US GAAP,US GAAP,US GAAP,US GAAP,US GAAP,US GAAP,US GAAP,US GAAP,US GAAP,US GAAP,US GAAP,US GAAP,US GAAP,US GAAP,US GAAP,US GAAP,US GAAP,US GAAP,US GAAP,US GAAP,US GAAP,US GAAP,US GAAP,US GAAP,US GAAP,US GAAP,US GAAP,US GAAP,US GAAP,US GAAP,US GAAP,US GAAP,US GAAP,US GAAP,US GAAP,US GAAP,US GAAP,US GAAP,US GAAP,US GAAP,US GAAP,US GAAP,US GAAP,US GAAP,US GAAP,US GAAP,US GAAP
