0,2025-03-31,2024-12-31,2024-09-30,2024-06-30,2024-03-31,2023-12-31,2023-09-30,2023-06-30,2023-03-31,2022-12-31,2022-09-30,2022-06-30,2022-03-31,2021-12-31,2021-09-30,2021-06-30,2021-03-31,2020-12-31,2020-09-30,2020-06-30,2020-03-31,2019-12-31,2019-09-30,2019-06-30,2019-03-31,2018-12-31,2018-09-30,2018-06-30,2018-03-31,2017-12-31,2017-09-30,2017-06-30,2017-03-31,2016-12-31,2016-09-30,2016-06-30,2016-03-31,2015-12-31,2015-09-30,2015-06-30,2015-03-31,2014-12-31,2014-09-30,2014-06-30,2014-03-31,2013-12-31,2013-09-30,2013-06-30,2013-03-31,2012-12-31,2012-09-30,2012-06-30,2012-03-31,2011-12-31,2011-09-30,2011-06-30,2011-03-31,2010-12-31,2010-09-30,2010-06-30,2010-06-30.1,2010-03-31,2009-12-31,2009-09-30,2008-12-31,2007-12-31
Financial Report Type,2025/Q1 report,2024/annual report,2024/Q3 report,2024/Semi-annual report,2024/Q1 report,2023/annual report,2023/Q3 report,2023/Semi-annual report,2023/Q1 report,2022/annual report,2022/Q3 report,2022/Semi-annual report,2022/Q1 report,2021/annual report,2021/Q3 report,2021/Semi-annual report,2021/Q1 report,2020/annual report,2020/Q3 report,2020/Semi-annual report,2020/Q1 report,2019/annual report,2019/Q3 report,2019/Semi-annual report,2019/Q1 report,2018/annual report,2018/Q3 report,2018/Semi-annual report,2018/Q1 report,2017/annual report,2017/Q3 report,2017/Semi-annual report,2017/Q1 report,2016/annual report,2016/Q3 report,2016/Semi-annual report,2016/Q1 report,2015/annual report,2015/Q3 report,2015/Semi-annual report,2015/Q1 report,2014/annual report,2014/Q3 report,2014/Semi-annual report,2014/Q1 report,2013/annual report,2013/Q3 report,2013/Semi-annual report,2013/Q1 report,2012/annual report,2012/Q3 report,2012/Semi-annual report,2012/Q1 report,2011/annual report,2011/Q3 report,2011/Semi-annual report,2011/Q1 report,2010/annual report,2010/Q3 report,2010/Semi-annual report,2010/Semi-annual report,2010/Q1 report,2009/annual report,2009/Q3 report,2008/annual report,2007/annual report
year-end date,12-31,12-31,12-31,12-31,12-31,12-31,12-31,12-31,12-31,12-31,12-31,12-31,12-31,12-31,12-31,12-31,12-31,12-31,12-31,12-31,12-31,12-31,12-31,12-31,12-31,12-31,12-31,12-31,12-31,12-31,12-31,12-31,12-31,12-31,12-31,12-31,12-31,12-31,12-31,12-31,12-31,12-31,12-31,12-31,12-31,12-31,12-31,12-31,12-31,12-31,12-31,12-31,12-31,12-31,12-31,12-31,12-31,12-31,12-31,12-31,12-31,12-31,12-31,12-31,12-31,12-31
currency,US Dollar,US Dollar,US Dollar,US Dollar,US Dollar,US Dollar,US Dollar,US Dollar,US Dollar,US Dollar,US Dollar,US Dollar,US Dollar,US Dollar,US Dollar,US Dollar,US Dollar,US Dollar,US Dollar,US Dollar,US Dollar,US Dollar,US Dollar,US Dollar,US Dollar,US Dollar,US Dollar,US Dollar,US Dollar,US Dollar,US Dollar,US Dollar,US Dollar,US Dollar,US Dollar,US Dollar,US Dollar,US Dollar,US Dollar,US Dollar,US Dollar,US Dollar,US Dollar,US Dollar,US Dollar,US Dollar,US Dollar,US Dollar,US Dollar,US Dollar,US Dollar,US Dollar,US Dollar,US Dollar,US Dollar,US Dollar,US Dollar,US Dollar,US Dollar,US Dollar,US Dollar,US Dollar,US Dollar,US Dollar,US Dollar,US Dollar
Current assets,,,,,,,,,,,,,,,,,,,,,,,,,,,,,,,,,,,,,,,,,,,,,,,,,,,,,,,,,,,,,,,,,,
Cash and cash equivalents,1832Ten thousand,1926Ten thousand,3745Ten thousand,1860Ten thousand,5805Ten thousand,6512Ten thousand,7458Ten thousand,9209Ten thousand,1.028Hundred million,1.140Hundred million,1.087Hundred million,9011Ten thousand,9426Ten thousand,1.168Hundred million,1.192Hundred million,1.295Hundred million,1.397Hundred million,1.491Hundred million,7152Ten thousand,7565Ten thousand,8733Ten thousand,9050Ten thousand,9214Ten thousand,9342Ten thousand,4732Ten thousand,5304Ten thousand,5423Ten thousand,5362Ten thousand,2430Ten thousand,3122Ten thousand,2383Ten thousand,2882Ten thousand,1392Ten thousand,1924Ten thousand,1492Ten thousand,2235Ten thousand,2216Ten thousand,2327Ten thousand,1696Ten thousand,1660Ten thousand,2216Ten thousand,2649Ten thousand,2152Ten thousand,2009Ten thousand,2316Ten thousand,2213Ten thousand,2691Ten thousand,3239Ten thousand,3123Ten thousand,3200Ten thousand,2557Ten thousand,1669Ten thousand,2660Ten thousand,2576Ten thousand,3013Ten thousand,3208Ten thousand,5315Ten thousand,7240Ten thousand,9927Ten thousand,5141Ten thousand,5141Ten thousand,2920Ten thousand,3179Ten thousand,2264Ten thousand,2190Ten thousand,5508Ten thousand
Restricted cash and others(Current),50.40Ten thousand,50.30Ten thousand,51.40Ten thousand,51.70Ten thousand,51.80Ten thousand,51.90Ten thousand,99.10Ten thousand,52.40Ten thousand,52.50Ten thousand,52.10Ten thousand,52.80Ten thousand,54.60Ten thousand,56.80Ten thousand,57.90Ten thousand,58.10Ten thousand,58.50Ten thousand,59.40Ten thousand,63.80Ten thousand,63.30Ten thousand,61.90Ten thousand,62.70Ten thousand,66.10Ten thousand,--,--,--,--,--,--,--,--,--,--,--,--,88.30Ten thousand,--,--,--,--,--,--,--,--,--,--,--,--,--,--,--,--,--,--,--,--,--,--,--,--,--,--,--,--,--,--,--
Short-term investments,4146Ten thousand,5419Ten thousand,5280Ten thousand,5460Ten thousand,2747Ten thousand,--,--,--,--,--,--,--,--,--,--,--,--,--,--,--,--,--,--,--,--,--,--,--,--,--,--,--,--,--,--,--,--,--,--,--,--,--,--,--,--,--,--,--,--,--,--,--,--,--,--,--,--,--,--,--,--,--,--,--,--,--
accounts receivable,644.2Ten thousand,1192Ten thousand,972.1Ten thousand,486.0Ten thousand,624.0Ten thousand,1004Ten thousand,1163Ten thousand,880.6Ten thousand,993.4Ten thousand,3190Ten thousand,1653Ten thousand,2920Ten thousand,2520Ten thousand,2495Ten thousand,2508Ten thousand,1949Ten thousand,1137Ten thousand,1389Ten thousand,1071Ten thousand,1404Ten thousand,838.4Ten thousand,906.3Ten thousand,1464Ten thousand,1415Ten thousand,1453Ten thousand,1347Ten thousand,930.8Ten thousand,991.0Ten thousand,897.4Ten thousand,1180Ten thousand,790.6Ten thousand,780.2Ten thousand,538.1Ten thousand,592.4Ten thousand,1197Ten thousand,334.0Ten thousand,435.2Ten thousand,732.9Ten thousand,1361Ten thousand,279.4Ten thousand,321.5Ten thousand,387.0Ten thousand,308.8Ten thousand,294.4Ten thousand,490.7Ten thousand,541.3Ten thousand,268.8Ten thousand,159.1Ten thousand,741.2Ten thousand,754.5Ten thousand,1653Ten thousand,812.4Ten thousand,1855Ten thousand,1892Ten thousand,1933Ten thousand,1131Ten thousand,1132Ten thousand,1533Ten thousand,1538Ten thousand,728.9Ten thousand,728.9Ten thousand,656.1Ten thousand,724.6Ten thousand,703.7Ten thousand,619.3Ten thousand,643.2Ten thousand
inventory,178.1Ten thousand,179.9Ten thousand,210.3Ten thousand,223.2Ten thousand,244.1Ten thousand,268.5Ten thousand,230.5Ten thousand,205.2Ten thousand,199.6Ten thousand,202.9Ten thousand,162.3Ten thousand,171.8Ten thousand,156.0Ten thousand,116.0Ten thousand,108.4Ten thousand,107.8Ten thousand,102.9Ten thousand,96.40Ten thousand,73.70Ten thousand,68.60Ten thousand,70.10Ten thousand,37.10Ten thousand,39.70Ten thousand,72.00Ten thousand,63.30Ten thousand,58.90Ten thousand,83.00Ten thousand,103.6Ten thousand,121.2Ten thousand,103.6Ten thousand,84.90Ten thousand,80.60Ten thousand,112.4Ten thousand,82.50Ten thousand,107.6Ten thousand,115.5Ten thousand,102.1Ten thousand,99.20Ten thousand,67.80Ten thousand,96.80Ten thousand,99.20Ten thousand,139.5Ten thousand,194.3Ten thousand,196.3Ten thousand,204.5Ten thousand,148.7Ten thousand,210.1Ten thousand,133.2Ten thousand,168.6Ten thousand,130.2Ten thousand,276.0Ten thousand,420.1Ten thousand,481.4Ten thousand,448.8Ten thousand,524.0Ten thousand,418.7Ten thousand,322.4Ten thousand,281.7Ten thousand,324.5Ten thousand,217.6Ten thousand,217.6Ten thousand,291.2Ten thousand,291.5Ten thousand,248.7Ten thousand,297.6Ten thousand,163.5Ten thousand
Deferred income tax assets(Current),--,--,--,--,--,--,--,--,--,--,--,--,--,--,--,--,--,--,--,--,--,--,--,--,--,--,--,--,--,--,--,--,--,--,--,--,--,--,--,--,--,--,--,--,--,--,--,--,--,--,--,--,--,--,--,--,--,--,--,--,--,--,--,--,--,--
Prepayments(Current),415.5Ten thousand,412.8Ten thousand,349.0Ten thousand,306.2Ten thousand,526.9Ten thousand,521.8Ten thousand,540.2Ten thousand,376.3Ten thousand,458.5Ten thousand,548.7Ten thousand,538.2Ten thousand,398.5Ten thousand,436.5Ten thousand,570.0Ten thousand,478.7Ten thousand,357.8Ten thousand,339.0Ten thousand,341.6Ten thousand,345.0Ten thousand,313.1Ten thousand,298.9Ten thousand,252.0Ten thousand,155.3Ten thousand,195.0Ten thousand,123.2Ten thousand,106.8Ten thousand,221.9Ten thousand,116.2Ten thousand,148.1Ten thousand,98.40Ten thousand,244.3Ten thousand,296.5Ten thousand,131.4Ten thousand,123.8Ten thousand,126.4Ten thousand,105.5Ten thousand,123.9Ten thousand,124.5Ten thousand,109.2Ten thousand,103.4Ten thousand,126.6Ten thousand,125.5Ten thousand,165.2Ten thousand,161.8Ten thousand,173.0Ten thousand,156.7Ten thousand,193.5Ten thousand,228.0Ten thousand,409.5Ten thousand,539.5Ten thousand,516.9Ten thousand,514.4Ten thousand,406.3Ten thousand,234.5Ten thousand,283.7Ten thousand,238.0Ten thousand,261.7Ten thousand,164.6Ten thousand,187.1Ten thousand,478.8Ten thousand,478.8Ten thousand,191.9Ten thousand,165.8Ten thousand,216.8Ten thousand,166.9Ten thousand,120.9Ten thousand
Other current assets,--,--,--,--,--,--,--,--,--,--,--,--,--,--,--,--,--,--,--,--,--,--,--,--,--,--,--,--,--,--,--,--,--,--,--,--,--,--,--,--,--,--,--,29.20Ten thousand,239.6Ten thousand,518.4Ten thousand,300.9Ten thousand,551.2Ten thousand,1294Ten thousand,1352Ten thousand,2478Ten thousand,3467Ten thousand,2668Ten thousand,2772Ten thousand,1950Ten thousand,1459Ten thousand,1254Ten thousand,--,--,4889Ten thousand,4889Ten thousand,1007Ten thousand,2378Ten thousand,3391Ten thousand,1559Ten thousand,3056Ten thousand
Other receivables,340.6Ten thousand,275.1Ten thousand,346.0Ten thousand,438.0Ten thousand,545.9Ten thousand,914.2Ten thousand,566.1Ten thousand,1069Ten thousand,779.7Ten thousand,701.6Ten thousand,749.0Ten thousand,854.3Ten thousand,958.4Ten thousand,855.8Ten thousand,1076Ten thousand,1242Ten thousand,1130Ten thousand,1094Ten thousand,1499Ten thousand,1241Ten thousand,1395Ten thousand,1010Ten thousand,--,--,--,--,--,--,--,--,--,--,--,--,--,--,--,--,--,--,--,--,--,--,--,--,--,--,--,--,--,--,--,--,--,--,--,--,--,--,--,--,--,--,--,--
Investments in securities(Current),--,--,--,--,--,--,--,--,--,--,--,--,--,--,--,128.9Ten thousand,106.7Ten thousand,100.0Ten thousand,--,--,--,--,--,--,--,--,--,--,--,--,--,--,--,--,--,--,--,--,--,--,--,--,--,--,--,--,--,--,--,--,--,--,--,--,--,--,--,--,--,--,--,--,--,--,--,--
Other current assets,173.9Ten thousand,421.3Ten thousand,335.9Ten thousand,314.8Ten thousand,250.6Ten thousand,75.00Ten thousand,244.9Ten thousand,211.5Ten thousand,228.6Ten thousand,195.3Ten thousand,575.8Ten thousand,1118Ten thousand,933.5Ten thousand,414.1Ten thousand,1263Ten thousand,445.4Ten thousand,506.9Ten thousand,445.2Ten thousand,90.10Ten thousand,-3.400Ten thousand,58.50Ten thousand,99.30Ten thousand,119.3Ten thousand,--,--,3.500Ten thousand,186.8Ten thousand,55.40Ten thousand,--,--,--,--,--,--,--,--,--,--,--,--,--,--,--,--,--,--,--,--,--,--,--,--,--,--,--,--,--,--,--,--,--,--,--,--,--,--
Total current assets,7781Ten thousand,9877Ten thousand,1.129Hundred million,9140Ten thousand,1.079Hundred million,9347Ten thousand,1.030Hundred million,1.200Hundred million,1.300Hundred million,1.629Hundred million,1.460Hundred million,1.453Hundred million,1.449Hundred million,1.619Hundred million,1.741Hundred million,1.724Hundred million,1.736Hundred million,1.844Hundred million,1.029Hundred million,1.065Hundred million,1.146Hundred million,1.142Hundred million,1.099Hundred million,1.102Hundred million,6371Ten thousand,6820Ten thousand,6845Ten thousand,6628Ten thousand,3597Ten thousand,4504Ten thousand,3502Ten thousand,4039Ten thousand,2174Ten thousand,2723Ten thousand,3011Ten thousand,2790Ten thousand,2878Ten thousand,3284Ten thousand,3234Ten thousand,2139Ten thousand,2763Ten thousand,3301Ten thousand,2821Ten thousand,2691Ten thousand,3424Ten thousand,3578Ten thousand,3664Ten thousand,4311Ten thousand,5737Ten thousand,5977Ten thousand,7481Ten thousand,6883Ten thousand,8071Ten thousand,7923Ten thousand,7704Ten thousand,6455Ten thousand,8286Ten thousand,9219Ten thousand,1.198Hundred million,1.146Hundred million,1.146Hundred million,5066Ten thousand,6738Ten thousand,6825Ten thousand,4833Ten thousand,9491Ten thousand
Non-current assets,,,,,,,,,,,,,,,,,,,,,,,,,,,,,,,,,,,,,,,,,,,,,,,,,,,,,,,,,,,,,,,,,,
Property、factory and equipment,1580Ten thousand,1420Ten thousand,1327Ten thousand,1397Ten thousand,1467Ten thousand,1549Ten thousand,1528Ten thousand,2333Ten thousand,2361Ten thousand,2261Ten thousand,2332Ten thousand,2369Ten thousand,2347Ten thousand,2135Ten thousand,1612Ten thousand,1123Ten thousand,1040Ten thousand,967.5Ten thousand,728.9Ten thousand,682.2Ten thousand,664.7Ten thousand,628.2Ten thousand,624.1Ten thousand,531.2Ten thousand,453.5Ten thousand,475.9Ten thousand,453.1Ten thousand,388.3Ten thousand,262.0Ten thousand,281.5Ten thousand,281.0Ten thousand,296.9Ten thousand,275.2Ten thousand,215.5Ten thousand,230.1Ten thousand,240.3Ten thousand,275.6Ten thousand,310.9Ten thousand,282.1Ten thousand,315.5Ten thousand,349.9Ten thousand,399.5Ten thousand,--,--,--,--,--,--,--,--,--,--,--,--,--,--,--,--,--,--,--,--,--,--,--,--
fixed assets,--,--,--,--,--,--,--,--,--,--,--,--,--,--,--,--,--,--,--,--,--,--,--,--,--,--,--,--,--,--,--,--,--,--,--,--,--,--,--,--,--,--,437.4Ten thousand,485.3Ten thousand,739.6Ten thousand,844.6Ten thousand,1381Ten thousand,1552Ten thousand,1479Ten thousand,1665Ten thousand,1989Ten thousand,2207Ten thousand,2400Ten thousand,2418Ten thousand,2332Ten thousand,2161Ten thousand,2024Ten thousand,2145Ten thousand,2102Ten thousand,2133Ten thousand,2133Ten thousand,2125Ten thousand,2158Ten thousand,1884Ten thousand,1601Ten thousand,1110Ten thousand
Intangible assets,--,--,--,--,--,--,--,--,--,--,--,--,--,--,--,--,--,--,--,--,--,--,--,--,--,--,--,--,--,--,--,--,--,--,28.10Ten thousand,112.5Ten thousand,196.8Ten thousand,281.2Ten thousand,365.5Ten thousand,449.9Ten thousand,534.2Ten thousand,618.6Ten thousand,702.9Ten thousand,787.3Ten thousand,871.6Ten thousand,956.0Ten thousand,1040Ten thousand,1125Ten thousand,1209Ten thousand,1293Ten thousand,1378Ten thousand,1464Ten thousand,1553Ten thousand,1644Ten thousand,1737Ten thousand,1830Ten thousand,1923Ten thousand,2016Ten thousand,56.20Ten thousand,65.00Ten thousand,65.00Ten thousand,74.40Ten thousand,92.80Ten thousand,115.1Ten thousand,179.3Ten thousand,278.3Ten thousand
goodwill,246.3Ten thousand,246.3Ten thousand,246.3Ten thousand,246.3Ten thousand,246.3Ten thousand,246.3Ten thousand,246.3Ten thousand,324.1Ten thousand,324.1Ten thousand,324.1Ten thousand,324.1Ten thousand,324.1Ten thousand,324.1Ten thousand,324.1Ten thousand,324.1Ten thousand,324.1Ten thousand,324.1Ten thousand,324.1Ten thousand,324.1Ten thousand,324.1Ten thousand,324.1Ten thousand,324.1Ten thousand,324.1Ten thousand,324.1Ten thousand,324.1Ten thousand,324.1Ten thousand,324.1Ten thousand,324.1Ten thousand,324.1Ten thousand,324.1Ten thousand,324.1Ten thousand,324.1Ten thousand,324.1Ten thousand,324.1Ten thousand,324.1Ten thousand,324.1Ten thousand,324.1Ten thousand,324.1Ten thousand,324.1Ten thousand,324.1Ten thousand,324.1Ten thousand,324.1Ten thousand,324.1Ten thousand,324.1Ten thousand,324.1Ten thousand,324.1Ten thousand,324.1Ten thousand,324.1Ten thousand,324.1Ten thousand,324.1Ten thousand,324.1Ten thousand,324.1Ten thousand,324.1Ten thousand,324.1Ten thousand,324.1Ten thousand,324.1Ten thousand,324.1Ten thousand,324.1Ten thousand,324.1Ten thousand,324.1Ten thousand,324.1Ten thousand,324.1Ten thousand,324.1Ten thousand,320.9Ten thousand,313.7Ten thousand,309.9Ten thousand
Restricted cash and others(Non-current),106.2Ten thousand,106.2Ten thousand,106.2Ten thousand,106.2Ten thousand,106.2Ten thousand,106.2Ten thousand,106.2Ten thousand,153.0Ten thousand,152.6Ten thousand,152.1Ten thousand,152.0Ten thousand,152.0Ten thousand,151.9Ten thousand,151.9Ten thousand,151.9Ten thousand,151.9Ten thousand,151.9Ten thousand,106.2Ten thousand,106.2Ten thousand,106.2Ten thousand,106.2Ten thousand,106.2Ten thousand,173.1Ten thousand,174.9Ten thousand,178.5Ten thousand,144.6Ten thousand,142.2Ten thousand,146.0Ten thousand,151.1Ten thousand,155.7Ten thousand,153.6Ten thousand,157.6Ten thousand,159.2Ten thousand,162.4Ten thousand,78.30Ten thousand,78.70Ten thousand,78.70Ten thousand,78.70Ten thousand,78.60Ten thousand,78.60Ten thousand,71.10Ten thousand,71.10Ten thousand,--,--,--,--,--,--,--,--,--,--,--,--,--,--,--,--,--,--,--,--,--,--,--,--
Long-term investments,--,--,--,--,--,--,--,--,--,--,--,--,--,--,--,--,--,--,--,--,--,--,--,--,--,--,--,--,--,--,--,--,--,--,--,--,--,--,--,--,--,--,103.1Ten thousand,145.3Ten thousand,144.6Ten thousand,79.50Ten thousand,106.7Ten thousand,101.7Ten thousand,193.9Ten thousand,362.3Ten thousand,357.8Ten thousand,606.2Ten thousand,886.7Ten thousand,1035Ten thousand,2102Ten thousand,2577Ten thousand,1630Ten thousand,165.0Ten thousand,--,--,--,--,--,--,--,--
Deferred income tax assets(Non-current),--,--,--,--,--,--,--,--,--,--,--,--,--,--,--,--,--,--,--,--,--,--,--,--,--,--,--,--,--,--,--,--,--,--,--,--,--,--,--,--,--,--,--,--,--,--,--,--,--,--,--,--,--,--,--,--,--,--,--,--,--,--,--,--,--,--
Other investments,--,--,--,--,--,--,--,--,--,--,--,--,--,--,--,--,--,--,100.0Ten thousand,100.0Ten thousand,--,--,--,--,--,--,--,--,--,--,--,--,--,--,--,--,--,--,--,--,--,--,--,--,--,--,--,--,--,--,--,--,--,--,--,--,--,--,--,--,--,--,--,--,--,--
Other non-current assets,96.70Ten thousand,101.9Ten thousand,192.8Ten thousand,184.1Ten thousand,135.4Ten thousand,124.6Ten thousand,72.60Ten thousand,49.80Ten thousand,41.50Ten thousand,35.00Ten thousand,20.80Ten thousand,22.40Ten thousand,25.70Ten thousand,27.60Ten thousand,27.10Ten thousand,30.10Ten thousand,24.90Ten thousand,29.40Ten thousand,35.30Ten thousand,39.10Ten thousand,54.70Ten thousand,17.80Ten thousand,19.00Ten thousand,20.70Ten thousand,101.3Ten thousand,105.1Ten thousand,30.40Ten thousand,41.40Ten thousand,47.00Ten thousand,30.20Ten thousand,32.70Ten thousand,30.30Ten thousand,25.30Ten thousand,25.90Ten thousand,27.20Ten thousand,28.30Ten thousand,20.20Ten thousand,31.00Ten thousand,26.50Ten thousand,27.50Ten thousand,28.40Ten thousand,29.40Ten thousand,91.20Ten thousand,91.60Ten thousand,91.90Ten thousand,101.7Ten thousand,127.2Ten thousand,147.4Ten thousand,421.2Ten thousand,374.8Ten thousand,373.9Ten thousand,282.7Ten thousand,225.8Ten thousand,248.3Ten thousand,263.1Ten thousand,266.5Ten thousand,268.7Ten thousand,260.7Ten thousand,348.7Ten thousand,389.2Ten thousand,389.2Ten thousand,794.4Ten thousand,590.4Ten thousand,176.0Ten thousand,161.2Ten thousand,165.1Ten thousand
Investments in securities(Non-current),279.8Ten thousand,279.8Ten thousand,579.0Ten thousand,970.0Ten thousand,970.0Ten thousand,970.0Ten thousand,1801Ten thousand,2138Ten thousand,2131Ten thousand,2051Ten thousand,2051Ten thousand,1930Ten thousand,1900Ten thousand,1400Ten thousand,1276Ten thousand,343.0Ten thousand,235.0Ten thousand,145.0Ten thousand,--,--,--,--,--,--,--,--,65.20Ten thousand,67.60Ten thousand,69.70Ten thousand,--,116.3Ten thousand,130.5Ten thousand,105.1Ten thousand,114.2Ten thousand,152.7Ten thousand,111.5Ten thousand,145.9Ten thousand,154.9Ten thousand,123.1Ten thousand,194.2Ten thousand,71.20Ten thousand,68.80Ten thousand,--,--,--,--,--,--,--,--,--,--,--,--,--,--,--,--,--,--,--,--,--,--,--,--
Other non-current assets,2799Ten thousand,2870Ten thousand,1077Ten thousand,1158Ten thousand,1236Ten thousand,1314Ten thousand,1390Ten thousand,3675Ten thousand,3801Ten thousand,3926Ten thousand,4049Ten thousand,4171Ten thousand,4291Ten thousand,4411Ten thousand,1952Ten thousand,2019Ten thousand,2085Ten thousand,2150Ten thousand,2214Ten thousand,2277Ten thousand,2341Ten thousand,2411Ten thousand,2486Ten thousand,2604Ten thousand,2684Ten thousand,58.80Ten thousand,--,--,--,67.10Ten thousand,--,--,--,--,--,--,--,--,--,--,--,--,--,--,--,--,--,--,--,--,--,--,--,--,--,--,--,--,--,--,--,--,--,--,--,--
Total non-current assets,5108Ten thousand,5024Ten thousand,3528Ten thousand,4061Ten thousand,4161Ten thousand,4310Ten thousand,5144Ten thousand,8672Ten thousand,8811Ten thousand,8750Ten thousand,8929Ten thousand,8969Ten thousand,9041Ten thousand,8450Ten thousand,5344Ten thousand,3992Ten thousand,3861Ten thousand,3722Ten thousand,3509Ten thousand,3529Ten thousand,3491Ten thousand,3487Ten thousand,3627Ten thousand,3655Ten thousand,3741Ten thousand,1109Ten thousand,1015Ten thousand,967.4Ten thousand,853.9Ten thousand,858.6Ten thousand,907.7Ten thousand,939.4Ten thousand,888.9Ten thousand,842.1Ten thousand,840.5Ten thousand,895.4Ten thousand,1041Ten thousand,1181Ten thousand,1200Ten thousand,1390Ten thousand,1379Ten thousand,1512Ten thousand,1659Ten thousand,1834Ten thousand,2172Ten thousand,2306Ten thousand,2979Ten thousand,3250Ten thousand,3627Ten thousand,4020Ten thousand,4423Ten thousand,4884Ten thousand,5389Ten thousand,5669Ten thousand,6759Ten thousand,7159Ten thousand,6169Ten thousand,4911Ten thousand,2831Ten thousand,2912Ten thousand,2912Ten thousand,3318Ten thousand,3165Ten thousand,2496Ten thousand,2255Ten thousand,1863Ten thousand
total assets,1.289Hundred million,1.490Hundred million,1.482Hundred million,1.320Hundred million,1.496Hundred million,1.366Hundred million,1.545Hundred million,2.068Hundred million,2.181Hundred million,2.504Hundred million,2.353Hundred million,2.350Hundred million,2.353Hundred million,2.464Hundred million,2.276Hundred million,2.123Hundred million,2.122Hundred million,2.216Hundred million,1.380Hundred million,1.418Hundred million,1.495Hundred million,1.491Hundred million,1.462Hundred million,1.468Hundred million,1.011Hundred million,7928Ten thousand,7860Ten thousand,7596Ten thousand,4451Ten thousand,5363Ten thousand,4410Ten thousand,4978Ten thousand,3063Ten thousand,3565Ten thousand,3851Ten thousand,3686Ten thousand,3919Ten thousand,4465Ten thousand,4434Ten thousand,3529Ten thousand,4142Ten thousand,4812Ten thousand,4479Ten thousand,4524Ten thousand,5596Ten thousand,5884Ten thousand,6644Ten thousand,7561Ten thousand,9364Ten thousand,9997Ten thousand,1.190Hundred million,1.177Hundred million,1.346Hundred million,1.359Hundred million,1.446Hundred million,1.361Hundred million,1.445Hundred million,1.413Hundred million,1.481Hundred million,1.437Hundred million,1.437Hundred million,8384Ten thousand,9904Ten thousand,9321Ten thousand,7088Ten thousand,1.135Hundred million
Current liabilities,,,,,,,,,,,,,,,,,,,,,,,,,,,,,,,,,,,,,,,,,,,,,,,,,,,,,,,,,,,,,,,,,,
accounts payable,604.6Ten thousand,283.8Ten thousand,421.2Ten thousand,368.5Ten thousand,346.5Ten thousand,594.7Ten thousand,309.8Ten thousand,404.2Ten thousand,449.4Ten thousand,324.6Ten thousand,262.1Ten thousand,201.5Ten thousand,194.9Ten thousand,299.5Ten thousand,328.1Ten thousand,316.4Ten thousand,356.9Ten thousand,297.0Ten thousand,249.9Ten thousand,263.7Ten thousand,244.1Ten thousand,262.1Ten thousand,174.3Ten thousand,216.4Ten thousand,218.0Ten thousand,305.0Ten thousand,228.0Ten thousand,308.2Ten thousand,259.7Ten thousand,354.5Ten thousand,447.4Ten thousand,363.3Ten thousand,349.3Ten thousand,423.2Ten thousand,212.3Ten thousand,265.1Ten thousand,285.0Ten thousand,339.9Ten thousand,117.4Ten thousand,170.8Ten thousand,195.2Ten thousand,467.3Ten thousand,254.2Ten thousand,332.9Ten thousand,348.7Ten thousand,396.1Ten thousand,149.0Ten thousand,154.5Ten thousand,444.5Ten thousand,365.4Ten thousand,628.7Ten thousand,431.3Ten thousand,897.8Ten thousand,1036Ten thousand,750.9Ten thousand,771.4Ten thousand,1025Ten thousand,920.8Ten thousand,863.9Ten thousand,803.6Ten thousand,803.6Ten thousand,673.0Ten thousand,999.9Ten thousand,823.6Ten thousand,916.6Ten thousand,422.5Ten thousand
notes payable(Current),--,--,--,--,--,--,--,--,--,--,--,--,--,--,--,--,--,--,--,--,--,--,--,--,--,--,--,--,--,--,--,--,--,--,--,--,--,--,--,--,--,--,442.6Ten thousand,481.1Ten thousand,633.7Ten thousand,523.7Ten thousand,548.0Ten thousand,723.5Ten thousand,897.8Ten thousand,1044Ten thousand,1213Ten thousand,1169Ten thousand,1520Ten thousand,1414Ten thousand,1827Ten thousand,1243Ten thousand,1123Ten thousand,1374Ten thousand,1390Ten thousand,1259Ten thousand,1259Ten thousand,1285Ten thousand,1689Ten thousand,1435Ten thousand,1264Ten thousand,1066Ten thousand
payable taxes(Current),--,--,--,--,--,--,--,--,--,--,--,--,--,--,--,--,--,--,--,--,--,--,--,--,--,--,--,--,--,--,--,--,--,--,--,--,--,--,--,--,--,--,--,--,--,--,--,--,--,--,--,--,--,--,--,--,--,--,--,--,--,--,--,--,--,--
Unearned and accrued expenses,511.7Ten thousand,622.3Ten thousand,650.5Ten thousand,541.7Ten thousand,537.4Ten thousand,473.5Ten thousand,879.6Ten thousand,700.1Ten thousand,834.0Ten thousand,1528Ten thousand,1299Ten thousand,--,--,1258Ten thousand,--,--,--,--,--,--,--,--,--,--,--,--,--,--,--,--,--,--,--,--,--,--,--,--,--,--,--,--,--,--,--,--,--,--,--,--,--,--,--,--,--,--,--,--,--,--,--,--,--,--,--,--
Other payables and accrued expenses,--,--,--,--,--,--,--,--,--,--,--,1293Ten thousand,1417Ten thousand,--,1593Ten thousand,908.2Ten thousand,951.6Ten thousand,1027Ten thousand,757.0Ten thousand,694.3Ten thousand,892.3Ten thousand,654.0Ten thousand,618.2Ten thousand,405.9Ten thousand,712.7Ten thousand,485.5Ten thousand,593.3Ten thousand,505.1Ten thousand,530.4Ten thousand,436.2Ten thousand,466.4Ten thousand,264.7Ten thousand,305.5Ten thousand,211.1Ten thousand,233.9Ten thousand,282.9Ten thousand,322.4Ten thousand,201.3Ten thousand,215.1Ten thousand,187.1Ten thousand,206.5Ten thousand,261.9Ten thousand,--,--,--,--,--,--,--,--,--,--,--,--,--,--,--,--,--,--,--,--,--,--,--,--
Short-term debt,--,--,--,--,--,--,--,--,--,--,--,--,--,--,--,--,--,--,--,--,--,--,--,--,--,--,--,--,--,--,--,--,--,--,--,--,--,--,--,--,--,--,--,--,--,--,--,--,--,--,--,--,--,--,--,--,--,--,--,--,--,--,--,--,--,--
Deferred revenue(Current),43.80Ten thousand,35.00Ten thousand,1001Ten thousand,980.0Ten thousand,986.0Ten thousand,1012Ten thousand,923.6Ten thousand,1053Ten thousand,1337Ten thousand,1373Ten thousand,160.2Ten thousand,223.0Ten thousand,160.4Ten thousand,258.6Ten thousand,244.9Ten thousand,231.3Ten thousand,189.7Ten thousand,182.4Ten thousand,159.6Ten thousand,190.3Ten thousand,597.0Ten thousand,5.700Ten thousand,128.8Ten thousand,585.1Ten thousand,155.4Ten thousand,493.6Ten thousand,425.3Ten thousand,446.0Ten thousand,751.8Ten thousand,1229Ten thousand,414.1Ten thousand,402.7Ten thousand,164.4Ten thousand,171.0Ten thousand,422.1Ten thousand,411.8Ten thousand,610.5Ten thousand,609.8Ten thousand,694.9Ten thousand,516.6Ten thousand,425.3Ten thousand,349.7Ten thousand,403.6Ten thousand,265.4Ten thousand,326.6Ten thousand,200.1Ten thousand,224.8Ten thousand,236.5Ten thousand,435.2Ten thousand,218.6Ten thousand,228.6Ten thousand,364.7Ten thousand,907.0Ten thousand,378.9Ten thousand,863.2Ten thousand,447.0Ten thousand,946.1Ten thousand,453.9Ten thousand,932.6Ten thousand,458.5Ten thousand,458.5Ten thousand,944.1Ten thousand,1540Ten thousand,943.8Ten thousand,1058Ten thousand,551.0Ten thousand
Other current liabilities,--,--,--,--,--,--,--,--,--,--,--,--,--,--,--,--,--,--,--,--,--,--,--,--,--,--,--,--,--,--,--,--,--,--,--,--,--,--,--,--,--,--,--,--,--,--,--,--,--,--,--,--,--,--,--,--,--,--,451.9Ten thousand,563.5Ten thousand,563.5Ten thousand,840.8Ten thousand,869.1Ten thousand,816.8Ten thousand,1001Ten thousand,1378Ten thousand
payable salaries and benefits,638.7Ten thousand,1141Ten thousand,1032Ten thousand,765.8Ten thousand,650.2Ten thousand,1125Ten thousand,1052Ten thousand,853.8Ten thousand,661.1Ten thousand,1145Ten thousand,946.3Ten thousand,773.2Ten thousand,684.3Ten thousand,1112Ten thousand,904.1Ten thousand,685.9Ten thousand,495.3Ten thousand,728.8Ten thousand,627.7Ten thousand,497.9Ten thousand,312.4Ten thousand,500.3Ten thousand,469.5Ten thousand,455.1Ten thousand,646.9Ten thousand,527.2Ten thousand,516.2Ten thousand,381.7Ten thousand,613.4Ten thousand,475.3Ten thousand,379.5Ten thousand,292.0Ten thousand,533.4Ten thousand,431.4Ten thousand,302.4Ten thousand,284.4Ten thousand,430.5Ten thousand,333.1Ten thousand,255.4Ten thousand,261.5Ten thousand,360.0Ten thousand,294.6Ten thousand,--,--,--,--,--,--,--,--,--,--,--,--,--,--,--,--,--,--,--,--,--,--,--,--
Capital Lease Debt(Current),291.3Ten thousand,282.7Ten thousand,408.1Ten thousand,397.9Ten thousand,387.9Ten thousand,378.1Ten thousand,676.4Ten thousand,562.6Ten thousand,549.2Ten thousand,536.0Ten thousand,523.0Ten thousand,510.3Ten thousand,492.7Ten thousand,409.3Ten thousand,278.2Ten thousand,267.2Ten thousand,261.8Ten thousand,262.7Ten thousand,255.4Ten thousand,248.2Ten thousand,182.4Ten thousand,116.7Ten thousand,101.5Ten thousand,86.60Ten thousand,132.4Ten thousand,--,--,--,--,--,--,--,--,--,--,--,--,--,--,--,--,--,--,--,--,--,--,--,--,--,--,--,--,--,--,--,--,--,--,--,--,--,--,--,--,--
Total current liabilities,2090Ten thousand,2365Ten thousand,3513Ten thousand,3054Ten thousand,2908Ten thousand,3583Ten thousand,3842Ten thousand,3574Ten thousand,3831Ten thousand,4907Ten thousand,3191Ten thousand,3001Ten thousand,2950Ten thousand,3337Ten thousand,3348Ten thousand,2409Ten thousand,2255Ten thousand,2498Ten thousand,2050Ten thousand,1894Ten thousand,2228Ten thousand,1539Ten thousand,1492Ten thousand,1749Ten thousand,1865Ten thousand,1811Ten thousand,1763Ten thousand,1641Ten thousand,2155Ten thousand,2495Ten thousand,1707Ten thousand,1323Ten thousand,1353Ten thousand,1237Ten thousand,1171Ten thousand,1244Ten thousand,1648Ten thousand,1484Ten thousand,1283Ten thousand,1136Ten thousand,1187Ten thousand,1374Ten thousand,1100Ten thousand,1079Ten thousand,1309Ten thousand,1120Ten thousand,921.8Ten thousand,1115Ten thousand,1778Ten thousand,1628Ten thousand,2070Ten thousand,1965Ten thousand,3325Ten thousand,2829Ten thousand,3441Ten thousand,2461Ten thousand,3094Ten thousand,2748Ten thousand,3639Ten thousand,3085Ten thousand,3085Ten thousand,3743Ten thousand,5099Ten thousand,4019Ten thousand,4240Ten thousand,3418Ten thousand
Non-current liabilities,,,,,,,,,,,,,,,,,,,,,,,,,,,,,,,,,,,,,,,,,,,,,,,,,,,,,,,,,,,,,,,,,,
Deferred income tax liabilities(Non-current),--,--,--,--,--,--,--,--,--,--,--,--,--,--,--,--,--,--,--,--,--,--,--,--,--,--,--,--,--,--,--,--,--,--,--,--,--,--,--,--,--,--,--,--,--,--,--,--,--,--,--,--,--,--,--,--,--,--,--,--,--,--,--,--,--,--
Deferred revenue(Non-current),49.00Ten thousand,10.00Ten thousand,61.00Ten thousand,20.00Ten thousand,63.00Ten thousand,64.00Ten thousand,1010Ten thousand,1011Ten thousand,1551Ten thousand,1688Ten thousand,823.8Ten thousand,315.1Ten thousand,346.4Ten thousand,374.9Ten thousand,374.7Ten thousand,316.6Ten thousand,290.0Ten thousand,296.7Ten thousand,246.0Ten thousand,314.2Ten thousand,256.6Ten thousand,198.7Ten thousand,198.8Ten thousand,324.9Ten thousand,379.7Ten thousand,335.2Ten thousand,443.1Ten thousand,499.4Ten thousand,552.9Ten thousand,150.1Ten thousand,183.9Ten thousand,265.3Ten thousand,218.0Ten thousand,106.6Ten thousand,74.50Ten thousand,135.4Ten thousand,292.9Ten thousand,312.0Ten thousand,431.6Ten thousand,280.4Ten thousand,378.0Ten thousand,381.3Ten thousand,436.8Ten thousand,90.70Ten thousand,139.8Ten thousand,111.4Ten thousand,116.1Ten thousand,120.7Ten thousand,125.4Ten thousand,129.9Ten thousand,134.6Ten thousand,139.3Ten thousand,143.9Ten thousand,148.5Ten thousand,187.1Ten thousand,294.0Ten thousand,400.7Ten thousand,507.4Ten thousand,614.2Ten thousand,720.9Ten thousand,720.9Ten thousand,827.7Ten thousand,934.3Ten thousand,1041Ten thousand,1363Ten thousand,1887Ten thousand
Long-term liabilities,2919Ten thousand,2891Ten thousand,2863Ten thousand,2837Ten thousand,2810Ten thousand,--,--,--,--,--,--,--,--,--,--,--,--,--,--,--,--,--,--,--,--,--,--,--,--,--,--,--,--,--,--,--,--,--,--,--,--,--,--,--,--,--,--,--,--,--,--,--,--,--,--,--,--,--,--,--,--,--,--,--,--,--
Other non-current liabilities,128.3Ten thousand,126.8Ten thousand,127.9Ten thousand,126.4Ten thousand,124.8Ten thousand,123.3Ten thousand,121.9Ten thousand,140.5Ten thousand,138.8Ten thousand,137.1Ten thousand,135.6Ten thousand,134.0Ten thousand,132.6Ten thousand,131.1Ten thousand,105.1Ten thousand,128.9Ten thousand,127.7Ten thousand,127.1Ten thousand,126.1Ten thousand,124.6Ten thousand,123.9Ten thousand,123.0Ten thousand,122.3Ten thousand,122.2Ten thousand,132.0Ten thousand,141.6Ten thousand,150.4Ten thousand,159.2Ten thousand,175.9Ten thousand,186.3Ten thousand,273.6Ten thousand,284.8Ten thousand,221.1Ten thousand,223.1Ten thousand,223.0Ten thousand,228.2Ten thousand,245.8Ten thousand,249.7Ten thousand,388.8Ten thousand,402.7Ten thousand,415.4Ten thousand,252.8Ten thousand,421.3Ten thousand,421.4Ten thousand,490.0Ten thousand,504.4Ten thousand,518.3Ten thousand,378.3Ten thousand,386.8Ten thousand,394.3Ten thousand,399.4Ten thousand,412.6Ten thousand,364.9Ten thousand,345.5Ten thousand,187.0Ten thousand,180.0Ten thousand,159.5Ten thousand,138.1Ten thousand,141.5Ten thousand,132.4Ten thousand,132.4Ten thousand,261.2Ten thousand,388.1Ten thousand,575.6Ten thousand,1123Ten thousand,1522Ten thousand
Capital Lease Debt(Non-current),2740Ten thousand,2816Ten thousand,913.4Ten thousand,1019Ten thousand,1123Ten thousand,1224Ten thousand,1322Ten thousand,3538Ten thousand,3685Ten thousand,3828Ten thousand,3966Ten thousand,4101Ten thousand,4235Ten thousand,4356Ten thousand,2022Ten thousand,2099Ten thousand,2170Ten thousand,2232Ten thousand,2300Ten thousand,2367Ten thousand,2432Ten thousand,2495Ten thousand,2555Ten thousand,2615Ten thousand,2614Ten thousand,9.600Ten thousand,26.40Ten thousand,43.10Ten thousand,59.70Ten thousand,76.20Ten thousand,36.00Ten thousand,41.90Ten thousand,103.4Ten thousand,88.50Ten thousand,99.20Ten thousand,109.8Ten thousand,120.4Ten thousand,131.0Ten thousand,--,--,--,173.5Ten thousand,--,--,--,--,--,--,--,--,--,--,--,--,--,--,--,--,--,--,--,--,--,--,--,--
Total non-current liabilities,5836Ten thousand,5844Ten thousand,3965Ten thousand,4002Ten thousand,4121Ten thousand,1412Ten thousand,2453Ten thousand,4689Ten thousand,5374Ten thousand,5653Ten thousand,4925Ten thousand,4550Ten thousand,4714Ten thousand,4862Ten thousand,2502Ten thousand,2545Ten thousand,2588Ten thousand,2656Ten thousand,2672Ten thousand,2805Ten thousand,2812Ten thousand,2817Ten thousand,2877Ten thousand,3062Ten thousand,3126Ten thousand,486.4Ten thousand,619.9Ten thousand,701.7Ten thousand,788.5Ten thousand,412.6Ten thousand,493.5Ten thousand,592.0Ten thousand,542.5Ten thousand,418.2Ten thousand,396.7Ten thousand,473.4Ten thousand,659.1Ten thousand,692.7Ten thousand,820.4Ten thousand,683.1Ten thousand,793.4Ten thousand,807.6Ten thousand,858.1Ten thousand,512.1Ten thousand,629.8Ten thousand,615.8Ten thousand,634.4Ten thousand,499.0Ten thousand,512.2Ten thousand,524.2Ten thousand,534.0Ten thousand,551.9Ten thousand,508.8Ten thousand,494.0Ten thousand,374.1Ten thousand,474.0Ten thousand,560.2Ten thousand,645.5Ten thousand,755.7Ten thousand,853.3Ten thousand,853.3Ten thousand,1089Ten thousand,1322Ten thousand,1617Ten thousand,2486Ten thousand,3409Ten thousand
total liabilities,7926Ten thousand,8208Ten thousand,7478Ten thousand,7056Ten thousand,7029Ten thousand,4995Ten thousand,6295Ten thousand,8263Ten thousand,9205Ten thousand,1.056Hundred million,8116Ten thousand,7551Ten thousand,7664Ten thousand,8199Ten thousand,5850Ten thousand,4954Ten thousand,4843Ten thousand,5154Ten thousand,4722Ten thousand,4700Ten thousand,5041Ten thousand,4356Ten thousand,4369Ten thousand,4811Ten thousand,4991Ten thousand,2298Ten thousand,2383Ten thousand,2343Ten thousand,2944Ten thousand,2908Ten thousand,2201Ten thousand,1915Ten thousand,1895Ten thousand,1655Ten thousand,1567Ten thousand,1718Ten thousand,2308Ten thousand,2177Ten thousand,2103Ten thousand,1819Ten thousand,1980Ten thousand,2181Ten thousand,1959Ten thousand,1592Ten thousand,1939Ten thousand,1736Ten thousand,1556Ten thousand,1614Ten thousand,2290Ten thousand,2153Ten thousand,2604Ten thousand,2516Ten thousand,3834Ten thousand,3323Ten thousand,3815Ten thousand,2935Ten thousand,3654Ten thousand,3394Ten thousand,4394Ten thousand,3938Ten thousand,3938Ten thousand,4832Ten thousand,6421Ten thousand,5635Ten thousand,6726Ten thousand,6826Ten thousand
Capital and Reserves,,,,,,,,,,,,,,,,,,,,,,,,,,,,,,,,,,,,,,,,,,,,,,,,,,,,,,,,,,,,,,,,,,
Common stock,8000,8000,8000,7000,7000,7000,6000,6000,6000,6000,6000,6000,6000,6000,6000,6000,6000,6000,6000,6000,6000,6000,6000,6000,5000,5000,5000,5000,5000,5000,5000,5000,4000,4000,4000,4000,4000,4000,4000,4000,4000,4000,4000,4000,4000,4000,4000,4000,4000,4000,4000,4000,4000,4000,4000,4000,4000,4000,4000,4000,4000,--,--,--,--,--
Preferred stock,--,--,--,--,--,--,--,--,--,--,--,--,--,--,--,--,--,--,--,--,--,--,--,--,--,--,--,--,--,--,--,--,--,--,--,--,--,--,--,--,--,--,--,--,--,--,--,--,--,--,--,--,--,--,--,--,--,--,--,--,--,--,--,--,--,--
treasury stock,--,--,--,--,--,--,--,--,--,--,--,--,--,--,--,--,--,--,--,--,--,--,--,--,--,--,--,--,--,--,--,--,--,--,--,--,--,--,--,--,--,--,--,--,--,--,--,--,--,--,--,--,--,--,--,--,--,--,--,--,--,--,--,--,--,--
Retained earnings,-5.835Hundred million,-5.628Hundred million,-5.524Hundred million,-5.318Hundred million,-5.090Hundred million,-4.975Hundred million,-4.903Hundred million,-4.554Hundred million,-4.439Hundred million,-4.213Hundred million,-4.087Hundred million,-3.987Hundred million,-3.961Hundred million,-3.877Hundred million,-3.775Hundred million,-3.798Hundred million,-3.755Hundred million,-3.664Hundred million,-3.625Hundred million,-3.564Hundred million,-3.501Hundred million,-3.424Hundred million,-3.418Hundred million,-3.421Hundred million,-3.356Hundred million,-3.305Hundred million,-3.300Hundred million,-3.280Hundred million,-3.243Hundred million,-3.151Hundred million,-3.160Hundred million,-3.058Hundred million,-2.995Hundred million,-2.921Hundred million,-2.868Hundred million,-2.882Hundred million,-2.905Hundred million,-2.835Hundred million,-2.815Hundred million,-2.869Hundred million,-2.815Hundred million,-2.759Hundred million,--,--,--,--,--,--,--,--,--,--,--,--,--,--,--,--,--,--,--,--,--,--,--,--
Share Premium,6.331Hundred million,6.297Hundred million,6.257Hundred million,5.933Hundred million,5.883Hundred million,5.841Hundred million,5.818Hundred million,5.796Hundred million,5.699Hundred million,5.661Hundred million,5.628Hundred million,5.581Hundred million,5.547Hundred million,5.521Hundred million,5.466Hundred million,5.425Hundred million,5.392Hundred million,5.365Hundred million,4.533Hundred million,4.512Hundred million,4.491Hundred million,4.479Hundred million,4.443Hundred million,4.408Hundred million,3.868Hundred million,3.868Hundred million,3.848Hundred million,3.806Hundred million,3.394Hundred million,3.401Hundred million,3.381Hundred million,3.363Hundred million,3.113Hundred million,3.112Hundred million,3.093Hundred million,3.080Hundred million,3.063Hundred million,3.060Hundred million,3.046Hundred million,3.033Hundred million,3.032Hundred million,3.024Hundred million,3.014Hundred million,3.007Hundred million,2.994Hundred million,2.984Hundred million,2.978Hundred million,2.971Hundred million,2.959Hundred million,2.941Hundred million,2.932Hundred million,2.911Hundred million,2.890Hundred million,2.878Hundred million,2.857Hundred million,2.830Hundred million,2.796Hundred million,2.755Hundred million,2.718Hundred million,2.691Hundred million,2.691Hundred million,1681Ten thousand,1502Ten thousand,1332Ten thousand,1006Ten thousand,618.7Ten thousand
Other comprehensive income,1.400Ten thousand,5.200Ten thousand,12.60Ten thousand,-2.300Ten thousand,-1.600Ten thousand,--,--,--,--,--,--,--,--,--,--,--,--,--,--,--,--,--,--,--,--,--,--,--,--,-47.20Ten thousand,1.300Ten thousand,10.20Ten thousand,-9.100Ten thousand,--,38.40Ten thousand,-2.900Ten thousand,31.50Ten thousand,40.50Ten thousand,20.10Ten thousand,65.00Ten thousand,-12.60Ten thousand,-14.20Ten thousand,--,--,--,--,--,--,--,--,--,--,--,--,--,--,--,--,--,--,--,--,--,--,--,--
other items of equity attributable to parent company shareholders,--,--,--,--,--,--,--,--,--,--,--,--,--,--,--,--,--,--,--,--,--,--,--,--,--,--,--,--,--,--,--,--,--,--,--,--,--,--,--,--,--,--,-2.762Hundred million,-2.713Hundred million,-2.629Hundred million,-2.569Hundred million,-2.469Hundred million,-2.377Hundred million,-2.251Hundred million,-2.157Hundred million,-2.002Hundred million,-1.986Hundred million,-1.927Hundred million,-1.851Hundred million,-1.792Hundred million,-1.762Hundred million,-1.716Hundred million,-1.682Hundred million,-1.677Hundred million,-1.648Hundred million,-1.648Hundred million,-1.610Hundred million,-1.599Hundred million,-1.542Hundred million,-1.392Hundred million,-9366Ten thousand
equity attributable to parent company shareholders,4963Ten thousand,6693Ten thousand,7340Ten thousand,6145Ten thousand,7927Ten thousand,8662Ten thousand,9151Ten thousand,1.241Hundred million,1.260Hundred million,1.448Hundred million,1.541Hundred million,1.595Hundred million,1.586Hundred million,1.644Hundred million,1.691Hundred million,1.628Hundred million,1.637Hundred million,1.701Hundred million,9080Ten thousand,9479Ten thousand,9907Ten thousand,1.055Hundred million,1.025Hundred million,9868Ten thousand,5121Ten thousand,5631Ten thousand,5477Ten thousand,5253Ten thousand,1507Ten thousand,2455Ten thousand,2209Ten thousand,3064Ten thousand,1168Ten thousand,1910Ten thousand,2284Ten thousand,1968Ten thousand,1611Ten thousand,2288Ten thousand,2331Ten thousand,1710Ten thousand,2162Ten thousand,2631Ten thousand,2521Ten thousand,2933Ten thousand,3657Ten thousand,4148Ten thousand,5087Ten thousand,5947Ten thousand,7075Ten thousand,7844Ten thousand,9300Ten thousand,9251Ten thousand,9627Ten thousand,1.027Hundred million,1.065Hundred million,1.068Hundred million,1.080Hundred million,1.074Hundred million,1.041Hundred million,1.043Hundred million,1.043Hundred million,-1.442Hundred million,-1.448Hundred million,-1.409Hundred million,-1.291Hundred million,-8747Ten thousand
minority shareholder equity,--,--,--,--,--,--,--,--,--,--,--,--,--,--,--,--,--,--,--,--,--,--,--,--,--,--,--,--,--,--,--,--,--,--,--,--,--,--,--,--,--,--,--,--,--,--,--,--,--,--,--,--,--,--,--,--,--,--,--,--,--,--,--,--,--,--
Total Shareholders' Equity Other Items,--,--,--,--,--,--,--,--,--,--,--,--,--,--,--,--,--,--,--,--,--,--,--,--,--,--,--,--,--,--,--,--,--,--,--,--,--,--,--,--,--,--,--,--,--,--,--,--,--,--,--,--,--,--,--,--,--,--,--,--,--,1.797Hundred million,1.797Hundred million,1.777Hundred million,1.327Hundred million,1.327Hundred million
Total Shareholders' Equity,4963Ten thousand,6693Ten thousand,7340Ten thousand,6145Ten thousand,7927Ten thousand,8662Ten thousand,9151Ten thousand,1.241Hundred million,1.260Hundred million,1.448Hundred million,1.541Hundred million,1.595Hundred million,1.586Hundred million,1.644Hundred million,1.691Hundred million,1.628Hundred million,1.637Hundred million,1.701Hundred million,9080Ten thousand,9479Ten thousand,9907Ten thousand,1.055Hundred million,1.025Hundred million,9868Ten thousand,5121Ten thousand,5631Ten thousand,5477Ten thousand,5253Ten thousand,1507Ten thousand,2455Ten thousand,2209Ten thousand,3064Ten thousand,1168Ten thousand,1910Ten thousand,2284Ten thousand,1968Ten thousand,1611Ten thousand,2288Ten thousand,2331Ten thousand,1710Ten thousand,2162Ten thousand,2631Ten thousand,2521Ten thousand,2933Ten thousand,3657Ten thousand,4148Ten thousand,5087Ten thousand,5947Ten thousand,7075Ten thousand,7844Ten thousand,9300Ten thousand,9251Ten thousand,9627Ten thousand,1.027Hundred million,1.065Hundred million,1.068Hundred million,1.080Hundred million,1.074Hundred million,1.041Hundred million,1.043Hundred million,1.043Hundred million,3551Ten thousand,3483Ten thousand,3685Ten thousand,362.2Ten thousand,4528Ten thousand
Total Liabilities and Shareholders' Equity,1.289Hundred million,1.490Hundred million,1.482Hundred million,1.320Hundred million,1.496Hundred million,1.366Hundred million,1.545Hundred million,2.068Hundred million,2.181Hundred million,2.504Hundred million,2.353Hundred million,2.350Hundred million,2.353Hundred million,2.464Hundred million,2.276Hundred million,2.123Hundred million,2.122Hundred million,2.216Hundred million,1.380Hundred million,1.418Hundred million,1.495Hundred million,1.491Hundred million,1.462Hundred million,1.468Hundred million,1.011Hundred million,7928Ten thousand,7860Ten thousand,7596Ten thousand,4451Ten thousand,5363Ten thousand,4410Ten thousand,4978Ten thousand,3063Ten thousand,3565Ten thousand,3851Ten thousand,3686Ten thousand,3919Ten thousand,4465Ten thousand,4434Ten thousand,3529Ten thousand,4142Ten thousand,4812Ten thousand,--,--,--,--,--,--,--,--,--,--,--,--,--,--,--,--,--,--,--,--,--,--,--,--
Non-operating items,2322Ten thousand,3793Ten thousand,3315Ten thousand,2484Ten thousand,2848Ten thousand,3992Ten thousand,3832Ten thousand,4336Ten thousand,4020Ten thousand,8191Ten thousand,5966Ten thousand,9795Ten thousand,8865Ten thousand,7572Ten thousand,9702Ten thousand,7279Ten thousand,5554Ten thousand,5865Ten thousand,5327Ten thousand,5286Ten thousand,4587Ten thousand,4034Ten thousand,--,--,--,--,--,--,--,--,--,--,--,--,--,--,--,--,--,--,--,--,--,--,--,--,--,--,--,--,--,--,--,--,--,--,--,--,--,--,--,--,--,--,--,--
Accounting standards,US GAAP,US GAAP,US GAAP,US GAAP,US GAAP,US GAAP,US GAAP,US GAAP,US GAAP,US GAAP,US GAAP,US GAAP,US GAAP,US GAAP,US GAAP,US GAAP,US GAAP,US GAAP,US GAAP,US GAAP,US GAAP,US GAAP,US GAAP,US GAAP,US GAAP,US GAAP,US GAAP,US GAAP,US GAAP,US GAAP,US GAAP,US GAAP,US GAAP,US GAAP,US GAAP,US GAAP,US GAAP,US GAAP,US GAAP,US GAAP,US GAAP,US GAAP,,,,,,,,,,,,,,,,,,,,,,,,
