0,2025-03-31,2024-12-31,2024-09-30,2024-06-30,2024-03-31,2023-12-31,2023-09-30,2023-06-30,2023-03-31,2022-12-31,2022-09-30,2022-06-30,2022-03-31,2021-12-31,2021-09-30,2021-06-30,2021-03-31,2020-12-31,2020-09-30,2020-06-30,2020-03-31,2019-12-31,2019-09-30,2019-06-30,2019-03-31,2018-12-31,2018-09-30,2018-06-30,2018-03-31,2017-12-31,2017-09-30,2017-06-30,2017-03-31,2016-12-31,2016-09-30,2016-06-30,2016-03-31,2015-12-31,2015-09-30,2015-06-30,2015-03-31,2014-12-31,2014-09-30,2014-06-30,2014-03-31,2013-12-31,2013-09-30,2013-06-30,2013-03-31,2012-12-31,2012-09-30,2012-06-30,2012-03-31,2011-12-31,2011-09-30,2011-06-30,2011-03-31,2010-12-31,2010-09-30,2010-06-30,2010-03-31,2009-12-31,2009-09-30,2009-06-30,2009-03-31,2008-12-31,2008-09-30,2008-06-30,2008-03-31,2007-12-31,2007-09-30,2007-06-30,2007-03-31,2006-12-31,2006-09-30,2006-06-30,2006-03-31,2005-12-31,2006-03-31.1,2005-12-31.1,2005-09-30,2005-06-30,2005-03-31,2004-12-31
Financial Report Type,2025/Q1 report,2024/annual report,2024/Q3 report,2024/Semi-annual report,2024/Q1 report,2023/annual report,2023/Q3 report,2023/Semi-annual report,2023/Q1 report,2022/annual report,2022/Q3 report,2022/Semi-annual report,2022/Q1 report,2021/annual report,2021/Q3 report,2021/Semi-annual report,2021/Q1 report,2020/annual report,2020/Q3 report,2020/Semi-annual report,2020/Q1 report,2019/annual report,2019/Q3 report,2019/Semi-annual report,2019/Q1 report,2018/annual report,2018/Q3 report,2018/Semi-annual report,2018/Q1 report,2017/annual report,2017/Q3 report,2017/Semi-annual report,2017/Q1 report,2016/annual report,2016/Q3 report,2016/Semi-annual report,2016/Q1 report,2015/annual report,2015/Q3 report,2015/Semi-annual report,2015/Q1 report,2014/annual report,2014/Q3 report,2014/Semi-annual report,2014/Q1 report,2013/annual report,2013/Q3 report,2013/Semi-annual report,2013/Q1 report,2012/annual report,2012/Q3 report,2012/Semi-annual report,2012/Q1 report,2011/annual report,2011/Q3 report,2011/Semi-annual report,2011/Q1 report,2010/annual report,2010/Q3 report,2010/Semi-annual report,2010/Q1 report,2009/annual report,2009/Q3 report,2009/Semi-annual report,2009/Q1 report,2008/annual report,2008/Q3 report,2008/Semi-annual report,2008/Q1 report,2007/annual report,2007/Q3 report,2007/Semi-annual report,2007/Q1 report,2006/annual report,2006/Q3 report,2006/Semi-annual report,2006/Q1 report,2005/annual report,2006/Q1 report,2005/annual report,2005/Q3 report,2005/Semi-annual report,2005/Q1 report,2004/annual report
year-end date,12-31,12-31,12-31,12-31,12-31,12-31,12-31,12-31,12-31,12-31,12-31,12-31,12-31,12-31,12-31,12-31,12-31,12-31,12-31,12-31,12-31,12-31,12-31,12-31,12-31,12-31,12-31,12-31,12-31,12-31,12-31,12-31,12-31,12-31,12-31,12-31,12-31,12-31,12-31,12-31,12-31,12-31,12-31,12-31,12-31,12-31,12-31,12-31,12-31,12-31,12-31,12-31,12-31,12-31,12-31,12-31,12-31,12-31,12-31,12-31,12-31,12-31,12-31,12-31,12-31,12-31,12-31,12-31,12-31,12-31,12-31,12-31,12-31,12-31,12-31,12-31,12-31,12-31,12-31,12-31,12-31,12-31,12-31,12-31
currency,US Dollar,US Dollar,US Dollar,US Dollar,US Dollar,US Dollar,US Dollar,US Dollar,US Dollar,US Dollar,US Dollar,US Dollar,US Dollar,US Dollar,US Dollar,US Dollar,US Dollar,US Dollar,US Dollar,US Dollar,US Dollar,US Dollar,US Dollar,US Dollar,US Dollar,US Dollar,US Dollar,US Dollar,US Dollar,US Dollar,US Dollar,US Dollar,US Dollar,US Dollar,US Dollar,US Dollar,US Dollar,US Dollar,US Dollar,US Dollar,US Dollar,US Dollar,US Dollar,US Dollar,US Dollar,US Dollar,US Dollar,US Dollar,US Dollar,US Dollar,US Dollar,US Dollar,US Dollar,US Dollar,US Dollar,US Dollar,US Dollar,US Dollar,US Dollar,US Dollar,US Dollar,US Dollar,US Dollar,US Dollar,US Dollar,US Dollar,US Dollar,US Dollar,US Dollar,US Dollar,US Dollar,US Dollar,US Dollar,US Dollar,US Dollar,US Dollar,US Dollar,US Dollar,US Dollar,US Dollar,US Dollar,US Dollar,US Dollar,US Dollar
Income,,,,,,,,,,,,,,,,,,,,,,,,,,,,,,,,,,,,,,,,,,,,,,,,,,,,,,,,,,,,,,,,,,,,,,,,,,,,,,,,,,,,
Main business income,165.2Hundred million,547.5Hundred million,405.1Hundred million,274.7Hundred million,138.5Hundred million,561.4Hundred million,414.1Hundred million,271.6Hundred million,148.1Hundred million,784.9Hundred million,599.4Hundred million,389.2Hundred million,177.6Hundred million,458.3Hundred million,315.0Hundred million,199.4Hundred million,98.26Hundred million,187.8Hundred million,141.9Hundred million,97.72Hundred million,63.50Hundred million,353.1Hundred million,273.9Hundred million,175.6Hundred million,93.55Hundred million,385.5Hundred million,276.9Hundred million,178.4Hundred million,90.13Hundred million,320.6Hundred million,237.1Hundred million,165.8Hundred million,77.40Hundred million,241.1Hundred million,169.6Hundred million,105.5Hundred million,49.95Hundred million,308.1Hundred million,240.8Hundred million,165.8Hundred million,79.73Hundred million,551.5Hundred million,433.4Hundred million,305.0Hundred million,160.0Hundred million,578.7Hundred million,439.5Hundred million,285.3Hundred million,145.9Hundred million,615.4Hundred million,454.7Hundred million,308.0Hundred million,160.2Hundred million,658.1Hundred million,509.9Hundred million,343.1Hundred million,581.6Hundred million,1984Hundred million,1453Hundred million,957.4Hundred million,457.1Hundred million,1520Hundred million,1083Hundred million,671.9Hundred million,311.1Hundred million,2451Hundred million,2007Hundred million,1295Hundred million,562.4Hundred million,1925Hundred million,1385Hundred million,911.3Hundred million,422.5Hundred million,1878Hundred million,1455Hundred million,961.8Hundred million,478.7Hundred million,1829Hundred million,478.7Hundred million,1829Hundred million,1308Hundred million,811.9Hundred million,386.8Hundred million,1366Hundred million
Other business income,5.840Hundred million,22.08Hundred million,17.07Hundred million,11.44Hundred million,6.280Hundred million,24.33Hundred million,18.55Hundred million,12.39Hundred million,7.060Hundred million,36.62Hundred million,29.58Hundred million,23.57Hundred million,15.29Hundred million,25.21Hundred million,8.840Hundred million,8.350Hundred million,7.330Hundred million,4.720Hundred million,-9.830Hundred million,-9.450Hundred million,-15.39Hundred million,13.58Hundred million,11.36Hundred million,8.740Hundred million,7.020Hundred million,1.730Hundred million,6.730Hundred million,3.640Hundred million,-5200Ten thousand,5.290Hundred million,1.430Hundred million,7800Ten thousand,3100Ten thousand,2.550Hundred million,1.490Hundred million,3900Ten thousand,2000Ten thousand,1.250Hundred million,9000Ten thousand,8600Ten thousand,2900Ten thousand,3.660Hundred million,3.220Hundred million,2.530Hundred million,5200Ten thousand,3.740Hundred million,3.170Hundred million,2.680Hundred million,6500Ten thousand,4.690Hundred million,1.680Hundred million,1.260Hundred million,6000Ten thousand,2.640Hundred million,1.720Hundred million,1.660Hundred million,8400Ten thousand,2.780Hundred million,9200Ten thousand,1.530Hundred million,4900Ten thousand,3.580Hundred million,3.470Hundred million,2.300Hundred million,1.240Hundred million,10.90Hundred million,5.550Hundred million,4.400Hundred million,3.100Hundred million,19.71Hundred million,16.96Hundred million,11.39Hundred million,6.180Hundred million,6.850Hundred million,5.370Hundred million,2.240Hundred million,6100Ten thousand,4.650Hundred million,6100Ten thousand,4.650Hundred million,3.810Hundred million,3.390Hundred million,2.340Hundred million,3.050Hundred million
Operating Income,171.0Hundred million,569.5Hundred million,422.2Hundred million,286.1Hundred million,144.8Hundred million,585.7Hundred million,432.7Hundred million,284.0Hundred million,155.2Hundred million,821.6Hundred million,628.9Hundred million,412.8Hundred million,192.9Hundred million,483.5Hundred million,323.9Hundred million,207.7Hundred million,105.6Hundred million,192.6Hundred million,132.1Hundred million,88.27Hundred million,48.11Hundred million,366.7Hundred million,285.3Hundred million,184.4Hundred million,100.6Hundred million,387.3Hundred million,283.7Hundred million,182.0Hundred million,89.61Hundred million,325.8Hundred million,238.5Hundred million,166.5Hundred million,77.71Hundred million,243.6Hundred million,171.1Hundred million,105.9Hundred million,50.15Hundred million,309.4Hundred million,241.7Hundred million,166.6Hundred million,80.02Hundred million,555.2Hundred million,436.7Hundred million,307.5Hundred million,160.5Hundred million,582.5Hundred million,442.6Hundred million,287.9Hundred million,146.5Hundred million,620.0Hundred million,456.4Hundred million,309.3Hundred million,160.8Hundred million,660.7Hundred million,511.7Hundred million,344.7Hundred million,582.5Hundred million,1987Hundred million,1454Hundred million,958.9Hundred million,457.6Hundred million,1524Hundred million,1087Hundred million,674.2Hundred million,312.4Hundred million,2462Hundred million,2013Hundred million,1299Hundred million,565.5Hundred million,1945Hundred million,1402Hundred million,922.6Hundred million,428.7Hundred million,1885Hundred million,1460Hundred million,964.0Hundred million,479.3Hundred million,1834Hundred million,479.3Hundred million,1834Hundred million,1312Hundred million,815.3Hundred million,389.2Hundred million,1369Hundred million
cost,,,,,,,,,,,,,,,,,,,,,,,,,,,,,,,,,,,,,,,,,,,,,,,,,,,,,,,,,,,,,,,,,,,,,,,,,,,,,,,,,,,,
Main business cost,115.6Hundred million,387.2Hundred million,286.0Hundred million,191.3Hundred million,96.72Hundred million,383.4Hundred million,283.2Hundred million,185.9Hundred million,99.97Hundred million,490.5Hundred million,361.6Hundred million,231.5Hundred million,102.2Hundred million,314.0Hundred million,226.0Hundred million,148.9Hundred million,78.36Hundred million,194.0Hundred million,137.7Hundred million,92.56Hundred million,56.83Hundred million,249.5Hundred million,189.8Hundred million,127.8Hundred million,68.77Hundred million,268.8Hundred million,195.4Hundred million,127.3Hundred million,65.75Hundred million,262.3Hundred million,194.1Hundred million,134.1Hundred million,72.43Hundred million,273.5Hundred million,204.8Hundred million,130.9Hundred million,65.11Hundred million,336.5Hundred million,--,--,--,434.7Hundred million,--,--,--,--,--,--,--,--,--,--,--,--,--,--,--,--,--,--,--,--,--,--,--,--,--,--,--,--,--,--,--,--,--,--,--,--,--,--,--,--,--,--
Operating Costs,115.6Hundred million,387.2Hundred million,286.0Hundred million,191.3Hundred million,96.72Hundred million,383.4Hundred million,283.2Hundred million,185.9Hundred million,99.97Hundred million,490.5Hundred million,361.6Hundred million,231.5Hundred million,102.2Hundred million,314.0Hundred million,226.0Hundred million,148.9Hundred million,78.36Hundred million,194.0Hundred million,137.7Hundred million,92.56Hundred million,56.83Hundred million,249.5Hundred million,189.8Hundred million,127.8Hundred million,68.77Hundred million,268.8Hundred million,195.4Hundred million,127.3Hundred million,65.75Hundred million,262.3Hundred million,194.1Hundred million,134.1Hundred million,72.43Hundred million,273.5Hundred million,204.8Hundred million,130.9Hundred million,65.11Hundred million,336.5Hundred million,246.5Hundred million,160.1Hundred million,78.76Hundred million,434.7Hundred million,323.8Hundred million,165.5Hundred million,118.6Hundred million,414.3Hundred million,223.8Hundred million,147.1Hundred million,75.21Hundred million,436.5Hundred million,231.5Hundred million,151.6Hundred million,76.37Hundred million,362.2Hundred million,275.6Hundred million,178.1Hundred million,450.0Hundred million,1464Hundred million,1054Hundred million,687.6Hundred million,340.5Hundred million,1128Hundred million,800.3Hundred million,494.9Hundred million,223.0Hundred million,1805Hundred million,1475Hundred million,948.4Hundred million,405.1Hundred million,1341Hundred million,1166Hundred million,762.2Hundred million,358.7Hundred million,1556Hundred million,1204Hundred million,800.1Hundred million,413.5Hundred million,1568Hundred million,413.5Hundred million,1568Hundred million,1119Hundred million,696.6Hundred million,332.2Hundred million,1195Hundred million
Gross profit,55.44Hundred million,182.4Hundred million,136.2Hundred million,94.82Hundred million,48.04Hundred million,202.4Hundred million,149.5Hundred million,98.09Hundred million,55.20Hundred million,331.1Hundred million,267.3Hundred million,181.3Hundred million,90.67Hundred million,169.5Hundred million,97.90Hundred million,58.82Hundred million,27.23Hundred million,-1.440Hundred million,-5.660Hundred million,-4.290Hundred million,-8.720Hundred million,117.2Hundred million,95.51Hundred million,56.62Hundred million,31.80Hundred million,118.5Hundred million,88.28Hundred million,54.69Hundred million,23.86Hundred million,63.59Hundred million,44.34Hundred million,32.43Hundred million,5.280Hundred million,-29.90Hundred million,-33.76Hundred million,-25.04Hundred million,-14.96Hundred million,-27.13Hundred million,-4.790Hundred million,6.550Hundred million,1.260Hundred million,120.5Hundred million,112.9Hundred million,142.0Hundred million,41.87Hundred million,168.2Hundred million,218.8Hundred million,140.8Hundred million,71.30Hundred million,183.5Hundred million,224.8Hundred million,157.7Hundred million,84.46Hundred million,298.5Hundred million,236.1Hundred million,166.6Hundred million,132.4Hundred million,522.7Hundred million,400.5Hundred million,271.3Hundred million,117.1Hundred million,396.2Hundred million,286.7Hundred million,179.4Hundred million,89.34Hundred million,657.0Hundred million,537.8Hundred million,350.7Hundred million,160.4Hundred million,603.8Hundred million,236.5Hundred million,160.5Hundred million,70.00Hundred million,329.1Hundred million,256.0Hundred million,163.9Hundred million,65.78Hundred million,266.1Hundred million,65.78Hundred million,266.1Hundred million,192.4Hundred million,118.7Hundred million,56.94Hundred million,173.7Hundred million
Operating Costs,,,,,,,,,,,,,,,,,,,,,,,,,,,,,,,,,,,,,,,,,,,,,,,,,,,,,,,,,,,,,,,,,,,,,,,,,,,,,,,,,,,,
Marketing Expenses,1.910Hundred million,11.58Hundred million,5.280Hundred million,3.420Hundred million,1.780Hundred million,7.050Hundred million,5.330Hundred million,3.640Hundred million,1.590Hundred million,6.230Hundred million,4.310Hundred million,2.830Hundred million,1.870Hundred million,7.190Hundred million,5.560Hundred million,4.280Hundred million,3.110Hundred million,4.300Hundred million,2.490Hundred million,1.530Hundred million,-300.0Ten thousand,5.560Hundred million,3.690Hundred million,2.820Hundred million,1.530Hundred million,4.010Hundred million,3.360Hundred million,2.170Hundred million,9900Ten thousand,4.270Hundred million,3.020Hundred million,1.920Hundred million,9700Ten thousand,4.730Hundred million,5.560Hundred million,3.530Hundred million,1.860Hundred million,9.530Hundred million,6.700Hundred million,3.770Hundred million,1.590Hundred million,7.350Hundred million,6.030Hundred million,43.62Hundred million,1.820Hundred million,8.540Hundred million,61.48Hundred million,39.97Hundred million,19.72Hundred million,11.06Hundred million,56.91Hundred million,37.12Hundred million,18.97Hundred million,76.92Hundred million,59.35Hundred million,41.45Hundred million,25.69Hundred million,110.7Hundred million,82.19Hundred million,54.80Hundred million,27.62Hundred million,111.3Hundred million,82.82Hundred million,55.28Hundred million,27.05Hundred million,112.4Hundred million,84.16Hundred million,55.42Hundred million,27.35Hundred million,106.0Hundred million,17.00Hundred million,11.31Hundred million,5.270Hundred million,24.76Hundred million,18.26Hundred million,11.76Hundred million,5.660Hundred million,22.47Hundred million,5.660Hundred million,22.47Hundred million,16.90Hundred million,10.78Hundred million,5.390Hundred million,21.28Hundred million
Impairment and provisions,100.0Ten thousand,8000Ten thousand,3400Ten thousand,3400Ten thousand,--,1400Ten thousand,1200Ten thousand,100.0Ten thousand,100.0Ten thousand,-1200Ten thousand,600.0Ten thousand,400.0Ten thousand,200.0Ten thousand,6.740Hundred million,-9000Ten thousand,-100.0Ten thousand,-300.0Ten thousand,8.130Hundred million,5.210Hundred million,5.190Hundred million,5.210Hundred million,4.050Hundred million,2600Ten thousand,200.0Ten thousand,100.0Ten thousand,2700Ten thousand,2100Ten thousand,-2300Ten thousand,1200Ten thousand,66.01Hundred million,64.75Hundred million,64.69Hundred million,1.750Hundred million,1.390Hundred million,3.210Hundred million,1.980Hundred million,1.360Hundred million,22.45Hundred million,1.180Hundred million,9400Ten thousand,1600Ten thousand,8.560Hundred million,1.260Hundred million,--,100.0Ten thousand,5.290Hundred million,--,--,--,6.800Hundred million,--,--,--,--,--,--,--,--,--,--,--,--,--,--,--,--,--,--,--,--,48.73Hundred million,46.85Hundred million,-100.0Ten thousand,6.830Hundred million,3.170Hundred million,5000Ten thousand,--,4200Ten thousand,--,4200Ten thousand,3100Ten thousand,3100Ten thousand,2200Ten thousand,1.640Hundred million
Other operating expenses,6.450Hundred million,33.76Hundred million,23.91Hundred million,16.48Hundred million,6.350Hundred million,31.39Hundred million,23.84Hundred million,15.78Hundred million,8.420Hundred million,43.72Hundred million,34.40Hundred million,23.34Hundred million,9.560Hundred million,28.62Hundred million,9.480Hundred million,6.610Hundred million,6.820Hundred million,18.25Hundred million,7.180Hundred million,4.410Hundred million,1.730Hundred million,12.35Hundred million,9.180Hundred million,6.330Hundred million,3.390Hundred million,14.46Hundred million,2.660Hundred million,--,4.990Hundred million,--,11.48Hundred million,8.080Hundred million,4.100Hundred million,16.70Hundred million,3.410Hundred million,8.130Hundred million,--,13.28Hundred million,3.650Hundred million,6.310Hundred million,3.070Hundred million,10.66Hundred million,8.490Hundred million,26.82Hundred million,3.060Hundred million,9.880Hundred million,38.43Hundred million,25.99Hundred million,13.71Hundred million,11.44Hundred million,49.92Hundred million,38.43Hundred million,22.84Hundred million,67.58Hundred million,48.15Hundred million,32.58Hundred million,48.78Hundred million,214.5Hundred million,163.7Hundred million,114.7Hundred million,49.62Hundred million,189.1Hundred million,135.4Hundred million,84.80Hundred million,42.37Hundred million,579.8Hundred million,185.0Hundred million,121.5Hundred million,57.38Hundred million,264.2Hundred million,11.25Hundred million,6.480Hundred million,4.080Hundred million,14.14Hundred million,10.40Hundred million,6.870Hundred million,2.150Hundred million,7.710Hundred million,2.150Hundred million,7.710Hundred million,5.950Hundred million,3.870Hundred million,1.930Hundred million,7.130Hundred million
Restructuring expenses,--,-5000Ten thousand,-3700Ten thousand,-900.0Ten thousand,--,9200Ten thousand,-300.0Ten thousand,-5800Ten thousand,-4400Ten thousand,-1.000Hundred million,-1.390Hundred million,-4600Ten thousand,2400Ten thousand,-2200Ten thousand,--,--,1900Ten thousand,-7200Ten thousand,--,--,--,--,--,--,--,--,--,--,--,--,--,--,--,--,--,--,--,--,--,--,--,--,--,--,--,--,--,--,--,--,--,--,--,--,--,--,--,--,--,--,--,--,--,--,--,--,--,--,--,--,--,--,--,--,--,--,--,--,--,--,--,--,--,--
Operating Expenses,8.370Hundred million,45.64Hundred million,29.16Hundred million,20.15Hundred million,8.130Hundred million,39.50Hundred million,29.26Hundred million,18.85Hundred million,9.580Hundred million,48.83Hundred million,37.38Hundred million,25.75Hundred million,11.69Hundred million,42.33Hundred million,14.14Hundred million,10.88Hundred million,10.09Hundred million,29.96Hundred million,14.88Hundred million,11.13Hundred million,6.910Hundred million,21.96Hundred million,13.13Hundred million,9.170Hundred million,4.930Hundred million,18.74Hundred million,6.230Hundred million,1.940Hundred million,6.100Hundred million,70.28Hundred million,79.25Hundred million,74.69Hundred million,6.820Hundred million,22.82Hundred million,12.18Hundred million,13.64Hundred million,3.220Hundred million,45.26Hundred million,11.53Hundred million,11.02Hundred million,4.820Hundred million,26.57Hundred million,15.78Hundred million,70.44Hundred million,4.890Hundred million,23.71Hundred million,99.91Hundred million,65.96Hundred million,33.43Hundred million,29.30Hundred million,106.8Hundred million,75.55Hundred million,41.81Hundred million,144.5Hundred million,107.5Hundred million,74.03Hundred million,74.47Hundred million,325.2Hundred million,245.9Hundred million,169.5Hundred million,77.24Hundred million,300.4Hundred million,218.2Hundred million,140.1Hundred million,69.42Hundred million,692.2Hundred million,269.1Hundred million,176.9Hundred million,84.73Hundred million,370.2Hundred million,76.98Hundred million,64.64Hundred million,9.340Hundred million,45.73Hundred million,31.83Hundred million,19.13Hundred million,7.810Hundred million,30.60Hundred million,7.810Hundred million,30.60Hundred million,23.16Hundred million,14.96Hundred million,7.540Hundred million,30.05Hundred million
Operating Profit,47.07Hundred million,136.7Hundred million,107.0Hundred million,74.67Hundred million,39.91Hundred million,162.9Hundred million,120.2Hundred million,79.24Hundred million,45.62Hundred million,282.3Hundred million,229.9Hundred million,155.5Hundred million,78.98Hundred million,127.1Hundred million,83.76Hundred million,47.94Hundred million,17.14Hundred million,-31.40Hundred million,-20.54Hundred million,-15.42Hundred million,-15.63Hundred million,95.24Hundred million,82.38Hundred million,47.45Hundred million,26.87Hundred million,99.73Hundred million,82.05Hundred million,52.75Hundred million,17.76Hundred million,-6.690Hundred million,-34.91Hundred million,-42.26Hundred million,-1.540Hundred million,-52.72Hundred million,-45.94Hundred million,-38.68Hundred million,-18.18Hundred million,-72.39Hundred million,-16.32Hundred million,-4.470Hundred million,-3.560Hundred million,93.90Hundred million,97.11Hundred million,71.58Hundred million,36.98Hundred million,144.5Hundred million,118.9Hundred million,74.83Hundred million,37.87Hundred million,154.2Hundred million,118.0Hundred million,82.10Hundred million,42.65Hundred million,154.0Hundred million,128.6Hundred million,92.55Hundred million,57.96Hundred million,197.5Hundred million,154.6Hundred million,101.8Hundred million,39.90Hundred million,95.82Hundred million,68.43Hundred million,39.30Hundred million,19.92Hundred million,-35.23Hundred million,268.6Hundred million,173.8Hundred million,75.68Hundred million,233.6Hundred million,159.5Hundred million,95.84Hundred million,60.66Hundred million,283.3Hundred million,224.2Hundred million,144.8Hundred million,57.97Hundred million,235.5Hundred million,57.97Hundred million,235.5Hundred million,169.3Hundred million,103.7Hundred million,49.40Hundred million,143.7Hundred million
Pre-Tax Profit,,,,,,,,,,,,,,,,,,,,,,,,,,,,,,,,,,,,,,,,,,,,,,,,,,,,,,,,,,,,,,,,,,,,,,,,,,,,,,,,,,,,
Interest income,--,--,--,--,--,--,--,--,--,--,--,--,--,--,--,--,--,--,--,--,--,--,--,--,--,--,--,-1.770Hundred million,--,-3.620Hundred million,--,--,--,--,--,--,-1.090Hundred million,--,--,--,--,--,--,--,--,--,--,--,--,--,--,--,--,--,--,--,--,--,--,--,--,--,--,--,--,--,--,--,--,--,--,--,--,--,--,--,--,--,--,--,--,--,--,--
Interest expenses,-2.050Hundred million,--,--,--,-2.050Hundred million,--,--,--,--,--,--,--,--,--,--,--,--,--,--,--,--,--,--,--,--,--,-5.470Hundred million,-3.610Hundred million,--,-10.98Hundred million,--,--,--,--,-9.280Hundred million,--,-2.810Hundred million,--,-6.520Hundred million,--,--,--,--,--,--,--,--,--,--,--,--,--,--,--,--,--,--,--,--,--,--,--,--,--,--,--,--,--,--,--,--,--,--,--,--,--,--,--,--,--,--,--,--,--
Other income(Expenditure),-600.0Ten thousand,--,--,--,400.0Ten thousand,--,--,--,--,--,--,--,--,--,--,--,--,--,--,--,--,--,--,--,--,--,-3.500Hundred million,-3.400Hundred million,--,-4.510Hundred million,-4.210Hundred million,-3.440Hundred million,-6800Ten thousand,-2.770Hundred million,--,--,--,--,--,--,--,--,--,--,--,--,--,--,--,--,--,--,--,--,--,--,--,--,--,--,--,--,--,--,--,--,--,--,--,--,--,--,--,--,--,--,--,--,--,--,--,--,--,--
Foreign exchange gains and losses,-3000Ten thousand,--,--,--,1800Ten thousand,--,--,--,--,--,--,--,--,--,--,--,--,--,--,--,--,--,--,--,--,--,-700.0Ten thousand,-200.0Ten thousand,--,-3500Ten thousand,-2800Ten thousand,-2300Ten thousand,-1000Ten thousand,1900Ten thousand,--,--,-1600Ten thousand,--,9600Ten thousand,--,--,--,--,--,--,--,--,--,--,--,--,--,--,--,--,--,--,--,--,--,--,--,--,--,--,--,--,--,--,--,--,--,--,--,--,--,--,--,--,--,--,--,--,--
Pre-Tax Profit Other Items,--,--,--,--,--,--,--,--,--,--,--,--,--,--,--,--,--,--,--,--,--,--,--,--,--,--,--,--,--,--,--,--,--,--,--,--,--,--,--,--,--,--,--,--,--,--,--,--,--,--,--,--,--,--,--,--,--,--,--,--,--,--,--,--,--,--,--,--,--,--,--,--,--,--,--,--,--,--,--,--,--,--,--,--
Profit before tax from continuing operations,44.66Hundred million,136.7Hundred million,107.0Hundred million,74.67Hundred million,38.08Hundred million,162.9Hundred million,120.2Hundred million,79.24Hundred million,45.62Hundred million,282.3Hundred million,229.9Hundred million,155.5Hundred million,78.98Hundred million,127.1Hundred million,83.76Hundred million,47.94Hundred million,17.14Hundred million,-31.40Hundred million,-20.54Hundred million,-15.42Hundred million,-15.63Hundred million,95.24Hundred million,82.38Hundred million,47.45Hundred million,26.87Hundred million,99.73Hundred million,73.01Hundred million,43.95Hundred million,17.76Hundred million,-26.15Hundred million,-39.40Hundred million,-45.93Hundred million,-2.320Hundred million,-55.30Hundred million,-55.22Hundred million,-38.68Hundred million,-22.24Hundred million,-72.39Hundred million,-21.88Hundred million,-4.470Hundred million,-3.560Hundred million,93.90Hundred million,97.11Hundred million,71.58Hundred million,36.98Hundred million,144.5Hundred million,118.9Hundred million,74.83Hundred million,37.87Hundred million,154.2Hundred million,118.0Hundred million,82.10Hundred million,42.65Hundred million,154.0Hundred million,128.6Hundred million,92.55Hundred million,57.96Hundred million,197.5Hundred million,154.6Hundred million,101.8Hundred million,39.90Hundred million,95.82Hundred million,68.43Hundred million,39.30Hundred million,19.92Hundred million,-35.23Hundred million,268.6Hundred million,173.8Hundred million,75.68Hundred million,233.6Hundred million,159.5Hundred million,95.84Hundred million,60.66Hundred million,283.3Hundred million,224.2Hundred million,144.8Hundred million,57.97Hundred million,235.5Hundred million,57.97Hundred million,235.5Hundred million,169.3Hundred million,103.7Hundred million,49.40Hundred million,143.7Hundred million
income tax,16.17Hundred million,44.27Hundred million,37.63Hundred million,25.87Hundred million,12.57Hundred million,53.31Hundred million,40.74Hundred million,27.72Hundred million,16.42Hundred million,95.48Hundred million,75.62Hundred million,46.49Hundred million,21.39Hundred million,46.33Hundred million,29.24Hundred million,17.21Hundred million,7.320Hundred million,-4.850Hundred million,-1.710Hundred million,-1.090Hundred million,1.480Hundred million,22.67Hundred million,17.24Hundred million,13.02Hundred million,8.410Hundred million,36.68Hundred million,28.74Hundred million,18.41Hundred million,8.760Hundred million,-18.22Hundred million,-15.49Hundred million,-17.66Hundred million,-8.310Hundred million,-19.71Hundred million,-19.82Hundred million,-13.54Hundred million,-7.680Hundred million,-28.68Hundred million,-12.54Hundred million,-5.690Hundred million,-6.420Hundred million,35.83Hundred million,38.80Hundred million,29.76Hundred million,15.81Hundred million,64.09Hundred million,53.59Hundred million,33.93Hundred million,17.63Hundred million,79.42Hundred million,61.62Hundred million,43.11Hundred million,20.86Hundred million,82.08Hundred million,67.48Hundred million,46.38Hundred million,27.54Hundred million,83.33Hundred million,60.94Hundred million,38.89Hundred million,18.78Hundred million,50.90Hundred million,36.65Hundred million,22.39Hundred million,11.76Hundred million,134.1Hundred million,120.5Hundred million,77.66Hundred million,34.10Hundred million,113.8Hundred million,84.28Hundred million,57.37Hundred million,25.20Hundred million,127.8Hundred million,100.6Hundred million,60.02Hundred million,25.06Hundred million,99.07Hundred million,25.06Hundred million,99.07Hundred million,70.68Hundred million,43.18Hundred million,20.17Hundred million,62.62Hundred million
Net profit from continuing operations,28.49Hundred million,92.45Hundred million,69.39Hundred million,48.80Hundred million,25.51Hundred million,109.6Hundred million,79.50Hundred million,51.52Hundred million,29.20Hundred million,186.8Hundred million,154.3Hundred million,109.0Hundred million,57.59Hundred million,80.79Hundred million,54.52Hundred million,30.73Hundred million,9.820Hundred million,-26.55Hundred million,-18.83Hundred million,-14.33Hundred million,-17.11Hundred million,72.57Hundred million,65.14Hundred million,34.43Hundred million,18.46Hundred million,63.05Hundred million,44.27Hundred million,25.54Hundred million,9.000Hundred million,-7.930Hundred million,-23.91Hundred million,-28.27Hundred million,5.990Hundred million,-35.59Hundred million,-35.40Hundred million,-25.14Hundred million,-14.56Hundred million,-43.71Hundred million,-9.340Hundred million,1.220Hundred million,2.860Hundred million,58.07Hundred million,58.31Hundred million,41.82Hundred million,21.17Hundred million,80.37Hundred million,65.29Hundred million,40.90Hundred million,20.24Hundred million,74.81Hundred million,56.39Hundred million,38.99Hundred million,21.79Hundred million,71.88Hundred million,61.12Hundred million,46.17Hundred million,30.42Hundred million,114.2Hundred million,93.64Hundred million,62.95Hundred million,21.12Hundred million,44.92Hundred million,31.78Hundred million,16.91Hundred million,8.160Hundred million,-169.3Hundred million,148.2Hundred million,96.14Hundred million,41.58Hundred million,119.8Hundred million,75.20Hundred million,38.47Hundred million,35.46Hundred million,155.5Hundred million,123.5Hundred million,84.77Hundred million,32.91Hundred million,136.4Hundred million,32.91Hundred million,136.4Hundred million,98.58Hundred million,60.54Hundred million,29.23Hundred million,81.07Hundred million
net profit from discontinued or non-continuing operations,--,--,--,--,--,--,--,--,--,--,--,--,--,--,--,--,--,--,--,--,--,--,--,--,--,--,--,--,--,--,--,--,--,--,--,--,--,--,--,--,--,11.31Hundred million,11.31Hundred million,5300Ten thousand,2000Ten thousand,11.78Hundred million,1.830Hundred million,1.260Hundred million,1.290Hundred million,10.17Hundred million,14.18Hundred million,13.45Hundred million,7.760Hundred million,53.14Hundred million,29.80Hundred million,18.44Hundred million,--,--,--,--,--,--,--,--,--,--,--,--,--,--,--,--,--,--,--,--,--,-2300Ten thousand,--,-2300Ten thousand,-800.0Ten thousand,-400.0Ten thousand,-1100Ten thousand,2200Ten thousand
Post-Tax Profit Other Items,--,--,--,--,--,--,--,--,--,--,--,--,--,--,--,--,--,--,--,--,--,--,--,--,--,--,--,--,--,--,--,--,--,--,--,--,--,--,--,--,--,--,--,--,--,--,--,--,--,--,--,--,--,--,--,--,--,--,--,--,--,--,--,--,--,--,--,--,--,--,--,--,--,--,--,--,--,-8800Ten thousand,--,-8800Ten thousand,--,--,--,--
Net profit,28.49Hundred million,92.45Hundred million,69.39Hundred million,48.80Hundred million,25.51Hundred million,109.6Hundred million,79.50Hundred million,51.52Hundred million,29.20Hundred million,186.8Hundred million,154.3Hundred million,109.0Hundred million,57.59Hundred million,80.79Hundred million,54.52Hundred million,30.73Hundred million,9.820Hundred million,-26.55Hundred million,-18.83Hundred million,-14.33Hundred million,-17.11Hundred million,72.57Hundred million,65.14Hundred million,34.43Hundred million,18.46Hundred million,63.05Hundred million,44.27Hundred million,25.54Hundred million,9.000Hundred million,-7.930Hundred million,-23.91Hundred million,-28.27Hundred million,5.990Hundred million,-35.59Hundred million,-35.40Hundred million,-25.14Hundred million,-14.56Hundred million,-43.71Hundred million,-9.340Hundred million,1.220Hundred million,2.860Hundred million,69.38Hundred million,69.62Hundred million,42.35Hundred million,21.37Hundred million,92.15Hundred million,67.12Hundred million,42.16Hundred million,21.53Hundred million,84.98Hundred million,70.57Hundred million,52.44Hundred million,29.55Hundred million,125.0Hundred million,90.92Hundred million,64.61Hundred million,30.42Hundred million,114.2Hundred million,93.64Hundred million,62.95Hundred million,21.12Hundred million,44.92Hundred million,31.78Hundred million,16.91Hundred million,8.160Hundred million,-169.3Hundred million,148.2Hundred million,96.14Hundred million,41.58Hundred million,119.8Hundred million,75.20Hundred million,38.47Hundred million,35.46Hundred million,155.5Hundred million,123.5Hundred million,84.77Hundred million,32.91Hundred million,135.3Hundred million,32.91Hundred million,135.3Hundred million,98.50Hundred million,60.50Hundred million,29.12Hundred million,81.29Hundred million
Shareholders' Profit,,,,,,,,,,,,,,,,,,,,,,,,,,,,,,,,,,,,,,,,,,,,,,,,,,,,,,,,,,,,,,,,,,,,,,,,,,,,,,,,,,,,
minority shareholder gains and losses,--,--,--,--,--,--,--,--,--,--,--,--,--,--,--,--,--,4600Ten thousand,4600Ten thousand,4600Ten thousand,2800Ten thousand,6800Ten thousand,4500Ten thousand,3000Ten thousand,1300Ten thousand,4800Ten thousand,3800Ten thousand,2600Ten thousand,1200Ten thousand,6200Ten thousand,4300Ten thousand,2700Ten thousand,1300Ten thousand,5600Ten thousand,4000Ten thousand,2600Ten thousand,1300Ten thousand,5700Ten thousand,4400Ten thousand,2900Ten thousand,1400Ten thousand,6900Ten thousand,5400Ten thousand,3100Ten thousand,1400Ten thousand,5900Ten thousand,4300Ten thousand,2700Ten thousand,1400Ten thousand,7000Ten thousand,5500Ten thousand,4000Ten thousand,1800Ten thousand,6600Ten thousand,4600Ten thousand,3100Ten thousand,1400Ten thousand,5900Ten thousand,4700Ten thousand,3300Ten thousand,1400Ten thousand,7800Ten thousand,4900Ten thousand,3200Ten thousand,1600Ten thousand,7000Ten thousand,5100Ten thousand,3600Ten thousand,1900Ten thousand,8700Ten thousand,--,--,--,--,--,--,--,--,--,--,--,--,--,--
net profit attributable to preferred shareholders and other items,--,--,--,--,--,--,--,--,--,--,--,--,--,--,--,--,--,--,--,--,--,--,--,--,--,--,--,--,--,--,--,--,--,--,--,--,--,--,--,--,--,--,--,--,--,--,--,--,--,--,--,--,--,--,--,--,--,--,--,--,--,--,--,--,--,--,--,--,--,--,--,--,--,--,--,--,--,--,--,--,--,--,--,--
net profit attributable to common shareholders,28.49Hundred million,92.45Hundred million,69.39Hundred million,48.80Hundred million,25.51Hundred million,109.6Hundred million,79.50Hundred million,51.52Hundred million,29.20Hundred million,186.8Hundred million,154.3Hundred million,109.0Hundred million,57.59Hundred million,80.79Hundred million,54.52Hundred million,30.73Hundred million,9.820Hundred million,-27.01Hundred million,-19.29Hundred million,-14.79Hundred million,-17.39Hundred million,71.89Hundred million,64.69Hundred million,34.13Hundred million,18.33Hundred million,62.57Hundred million,43.89Hundred million,25.28Hundred million,8.880Hundred million,-8.550Hundred million,-24.34Hundred million,-28.54Hundred million,5.860Hundred million,-36.15Hundred million,-35.80Hundred million,-25.40Hundred million,-14.69Hundred million,-44.28Hundred million,-9.780Hundred million,9300Ten thousand,2.720Hundred million,68.69Hundred million,69.08Hundred million,42.04Hundred million,21.23Hundred million,91.56Hundred million,66.69Hundred million,41.89Hundred million,21.39Hundred million,84.28Hundred million,70.02Hundred million,52.04Hundred million,29.37Hundred million,124.4Hundred million,90.46Hundred million,64.30Hundred million,30.28Hundred million,113.6Hundred million,93.17Hundred million,62.62Hundred million,20.98Hundred million,44.14Hundred million,31.29Hundred million,16.59Hundred million,8.000Hundred million,-170.0Hundred million,147.7Hundred million,95.78Hundred million,41.39Hundred million,118.9Hundred million,75.20Hundred million,38.47Hundred million,35.46Hundred million,155.5Hundred million,123.5Hundred million,84.77Hundred million,32.91Hundred million,135.3Hundred million,32.91Hundred million,135.3Hundred million,98.50Hundred million,60.50Hundred million,29.12Hundred million,81.29Hundred million
net profit attributable to parent company shareholders,28.49Hundred million,92.45Hundred million,69.39Hundred million,48.80Hundred million,25.51Hundred million,109.6Hundred million,79.50Hundred million,51.52Hundred million,29.20Hundred million,186.8Hundred million,154.3Hundred million,109.0Hundred million,57.59Hundred million,80.79Hundred million,54.52Hundred million,30.73Hundred million,9.820Hundred million,-27.01Hundred million,-19.29Hundred million,-14.79Hundred million,-17.39Hundred million,71.89Hundred million,64.69Hundred million,34.13Hundred million,18.33Hundred million,62.57Hundred million,43.89Hundred million,25.28Hundred million,8.880Hundred million,-8.550Hundred million,-24.34Hundred million,-28.54Hundred million,5.860Hundred million,-36.15Hundred million,-35.80Hundred million,-25.40Hundred million,-14.69Hundred million,-44.28Hundred million,-9.780Hundred million,9300Ten thousand,2.720Hundred million,68.69Hundred million,69.08Hundred million,42.04Hundred million,21.23Hundred million,91.56Hundred million,66.69Hundred million,41.89Hundred million,21.39Hundred million,84.28Hundred million,70.02Hundred million,52.04Hundred million,29.37Hundred million,124.4Hundred million,90.46Hundred million,64.30Hundred million,30.28Hundred million,113.6Hundred million,93.17Hundred million,62.62Hundred million,20.98Hundred million,44.14Hundred million,31.29Hundred million,16.59Hundred million,8.000Hundred million,-170.0Hundred million,147.7Hundred million,95.78Hundred million,41.39Hundred million,118.9Hundred million,75.20Hundred million,38.47Hundred million,35.46Hundred million,155.5Hundred million,123.5Hundred million,84.77Hundred million,32.91Hundred million,135.3Hundred million,32.91Hundred million,135.3Hundred million,98.50Hundred million,60.50Hundred million,29.12Hundred million,81.29Hundred million
Per share metrics,,,,,,,,,,,,,,,,,,,,,,,,,,,,,,,,,,,,,,,,,,,,,,,,,,,,,,,,,,,,,,,,,,,,,,,,,,,,,,,,,,,,
Per share dividend-Common stock,--,--,--,--,--,--,--,--,--,--,--,--,--,--,--,--,--,--,--,--,--,--,--,--,--,--,--,--,--,--,0.800,0.530,--,--,0.750,0.500,--,2.940,2.200,1.460,0.730,2.840,2.110,--,0.690,2.700,--,--,--,2.640,--,--,--,--,--,--,--,--,--,--,--,--,--,--,--,--,--,--,--,--,1.230,0.820,0.410,--,1.080,0.720,0.360,--,0.360,--,0.870,0.560,0.250,--
basic earnings per share-Common stock,2.230,7.820,5.920,4.150,2.160,9.080,6.560,4.230,2.380,14.62,11.96,8.390,4.410,6.090,4.100,2.320,0.750,-2.510,-1.790,-1.370,-1.600,6.430,5.750,3.010,1.610,5.360,3.740,2.150,0.750,-0.700,-1.980,-2.300,0.470,-2.910,-2.880,-2.040,-1.180,-3.580,-0.800,0.070,0.220,5.540,5.580,3.400,1.720,7.430,5.410,3.400,1.740,6.770,5.600,4.110,2.290,9.040,6.480,4.540,2.110,7.680,6.260,4.200,1.410,2.960,2.100,1.120,0.540,-11.16,9.610,6.180,2.650,7.320,4.600,2.340,2.150,9.800,7.900,5.580,2.380,9.710,2.380,9.710,7.050,4.330,2.080,5.880
Diluted earnings per share-Common stock,2.230,7.810,5.910,4.140,2.150,9.060,6.540,4.220,2.380,14.57,11.93,8.360,4.390,6.070,4.090,2.310,0.750,-2.510,-1.790,-1.370,-1.600,6.400,5.720,3.000,1.600,5.320,3.720,2.130,0.750,-0.700,-1.980,-2.300,0.470,-2.910,-2.880,-2.040,-1.180,-3.580,-0.800,0.070,0.220,5.510,5.540,3.380,1.710,7.380,5.380,3.380,1.730,6.720,5.550,4.080,2.270,8.970,6.420,4.500,2.090,7.620,6.210,4.170,1.400,2.940,2.080,1.110,0.540,-11.16,9.500,6.110,2.620,7.220,4.540,2.310,2.120,9.660,7.780,5.490,2.340,9.550,2.340,9.550,6.940,4.260,2.050,5.800
basic weighted average shares-Common stock,12.73Hundred million,11.79Hundred million,11.69Hundred million,11.73Hundred million,11.78Hundred million,12.03Hundred million,12.08Hundred million,12.14Hundred million,12.20Hundred million,12.74Hundred million,12.86Hundred million,12.96Hundred million,13.02Hundred million,13.24Hundred million,13.27Hundred million,13.25Hundred million,13.00Hundred million,10.78Hundred million,10.80Hundred million,10.81Hundred million,10.85Hundred million,11.17Hundred million,11.25Hundred million,11.33Hundred million,11.39Hundred million,11.66Hundred million,11.72Hundred million,11.76Hundred million,11.80Hundred million,12.21Hundred million,12.31Hundred million,12.40Hundred million,12.43Hundred million,12.45Hundred million,12.45Hundred million,12.45Hundred million,12.45Hundred million,12.42Hundred million,12.41Hundred million,12.41Hundred million,12.41Hundred million,12.37Hundred million,12.36Hundred million,--,12.35Hundred million,12.31Hundred million,--,--,--,12.44Hundred million,--,--,--,--,--,--,--,--,--,--,--,--,--,--,--,--,--,--,--,--,16.35Hundred million,16.42Hundred million,16.47Hundred million,15.86Hundred million,15.64Hundred million,15.20Hundred million,13.83Hundred million,13.93Hundred million,13.83Hundred million,13.93Hundred million,13.96Hundred million,13.97Hundred million,13.98Hundred million,13.82Hundred million
Diluted weighted average shares-Common stock,12.75Hundred million,11.81Hundred million,11.71Hundred million,11.76Hundred million,11.80Hundred million,12.06Hundred million,12.11Hundred million,12.17Hundred million,12.23Hundred million,12.78Hundred million,12.90Hundred million,13.01Hundred million,13.07Hundred million,13.28Hundred million,13.31Hundred million,13.30Hundred million,13.03Hundred million,10.78Hundred million,10.80Hundred million,10.81Hundred million,10.85Hundred million,11.24Hundred million,11.31Hundred million,11.40Hundred million,11.47Hundred million,11.76Hundred million,11.81Hundred million,11.84Hundred million,11.86Hundred million,12.21Hundred million,12.31Hundred million,12.40Hundred million,12.49Hundred million,12.45Hundred million,12.45Hundred million,12.45Hundred million,12.45Hundred million,12.42Hundred million,12.41Hundred million,12.46Hundred million,12.46Hundred million,12.46Hundred million,12.47Hundred million,--,12.43Hundred million,12.40Hundred million,--,--,--,12.53Hundred million,--,--,--,--,--,--,--,--,--,--,--,--,--,--,--,--,--,--,--,--,16.57Hundred million,16.64Hundred million,16.69Hundred million,16.10Hundred million,15.88Hundred million,15.43Hundred million,14.05Hundred million,14.17Hundred million,14.05Hundred million,14.17Hundred million,14.20Hundred million,14.20Hundred million,14.20Hundred million,14.01Hundred million
Comprehensive income,,,,,,,,,,,,,,,,,,,,,,,,,,,,,,,,,,,,,,,,,,,,,,,,,,,,,,,,,,,,,,,,,,,,,,,,,,,,,,,,,,,,
Total comprehensive income attributable to owners of the company,29.28Hundred million,92.45Hundred million,67.67Hundred million,45.92Hundred million,23.07Hundred million,112.8Hundred million,79.89Hundred million,52.27Hundred million,29.20Hundred million,176.3Hundred million,--,--,--,--,--,--,--,-25.62Hundred million,-22.38Hundred million,-19.47Hundred million,--,79.35Hundred million,69.18Hundred million,36.89Hundred million,--,56.54Hundred million,44.07Hundred million,23.51Hundred million,--,-1.800Hundred million,-15.33Hundred million,-30.03Hundred million,--,-35.61Hundred million,-27.77Hundred million,-16.64Hundred million,--,-87.73Hundred million,-52.01Hundred million,-16.46Hundred million,-24.15Hundred million,29.65Hundred million,54.91Hundred million,47.00Hundred million,19.23Hundred million,--,52.94Hundred million,19.42Hundred million,15.30Hundred million,90.55Hundred million,78.81Hundred million,56.21Hundred million,38.23Hundred million,107.5Hundred million,74.76Hundred million,77.82Hundred million,38.02Hundred million,130.7Hundred million,--,--,--,--,--,--,--,--,--,--,--,--,--,--,--,--,--,--,--,--,--,--,--,--,--,--
Non-controlling interests in total comprehensive income,--,--,--,--,--,--,--,--,--,--,--,--,--,--,--,--,--,4600Ten thousand,4600Ten thousand,4600Ten thousand,--,6800Ten thousand,4500Ten thousand,3000Ten thousand,--,4800Ten thousand,3800Ten thousand,2600Ten thousand,--,6200Ten thousand,4300Ten thousand,2700Ten thousand,--,5600Ten thousand,4000Ten thousand,2600Ten thousand,--,5700Ten thousand,4400Ten thousand,2900Ten thousand,1400Ten thousand,6900Ten thousand,5400Ten thousand,3100Ten thousand,1400Ten thousand,--,4300Ten thousand,2700Ten thousand,1400Ten thousand,7000Ten thousand,5500Ten thousand,4000Ten thousand,1800Ten thousand,6600Ten thousand,4600Ten thousand,3100Ten thousand,1400Ten thousand,5900Ten thousand,--,--,--,--,--,--,--,--,--,--,--,--,--,--,--,--,--,--,--,--,--,--,--,--,--,--
Other comprehensive income items,7900Ten thousand,--,-1.720Hundred million,-2.880Hundred million,-2.440Hundred million,3.270Hundred million,3900Ten thousand,7500Ten thousand,--,-10.50Hundred million,--,--,--,2.680Hundred million,--,--,--,1.390Hundred million,-3.090Hundred million,-4.680Hundred million,--,7.460Hundred million,4.490Hundred million,2.760Hundred million,--,-6.030Hundred million,1800Ten thousand,-1.770Hundred million,--,6.750Hundred million,9.010Hundred million,-1.490Hundred million,--,5400Ten thousand,8.030Hundred million,8.760Hundred million,--,-43.45Hundred million,-42.23Hundred million,-17.39Hundred million,-26.87Hundred million,-39.04Hundred million,-14.17Hundred million,--,-2.000Hundred million,--,--,--,--,6.270Hundred million,--,--,--,--,--,--,--,--,--,--,--,--,--,--,--,--,--,--,--,--,--,--,--,--,--,--,--,--,--,--,--,--,--,--
Total of other comprehensive income items,7900Ten thousand,--,-1.720Hundred million,-2.880Hundred million,-2.440Hundred million,3.270Hundred million,3900Ten thousand,7500Ten thousand,--,-10.50Hundred million,--,--,--,2.680Hundred million,--,--,--,1.390Hundred million,-3.090Hundred million,-4.680Hundred million,--,7.460Hundred million,4.490Hundred million,2.760Hundred million,--,-6.030Hundred million,1800Ten thousand,-1.770Hundred million,--,6.750Hundred million,9.010Hundred million,-1.490Hundred million,--,5400Ten thousand,8.030Hundred million,8.760Hundred million,--,-43.45Hundred million,-42.23Hundred million,-17.39Hundred million,-26.87Hundred million,-39.04Hundred million,-14.17Hundred million,4.960Hundred million,-2.000Hundred million,--,-13.75Hundred million,-22.47Hundred million,-6.090Hundred million,6.270Hundred million,8.790Hundred million,4.170Hundred million,8.860Hundred million,-16.87Hundred million,-15.70Hundred million,13.52Hundred million,7.740Hundred million,17.08Hundred million,--,--,--,--,--,--,--,--,--,--,--,--,--,--,--,--,--,--,--,--,--,--,--,--,--,--
Total comprehensive income,29.28Hundred million,92.45Hundred million,67.67Hundred million,45.92Hundred million,23.07Hundred million,112.8Hundred million,79.89Hundred million,52.27Hundred million,29.20Hundred million,176.3Hundred million,--,--,--,83.47Hundred million,--,--,--,-25.16Hundred million,-21.92Hundred million,-19.01Hundred million,--,80.03Hundred million,69.63Hundred million,37.19Hundred million,--,57.02Hundred million,44.45Hundred million,23.77Hundred million,--,-1.180Hundred million,-14.90Hundred million,-29.76Hundred million,--,-35.05Hundred million,-27.37Hundred million,-16.38Hundred million,--,-87.16Hundred million,-51.57Hundred million,-16.17Hundred million,-24.01Hundred million,30.34Hundred million,55.45Hundred million,47.31Hundred million,19.37Hundred million,--,53.37Hundred million,19.69Hundred million,15.44Hundred million,91.25Hundred million,79.36Hundred million,56.61Hundred million,38.41Hundred million,108.2Hundred million,75.22Hundred million,78.13Hundred million,38.16Hundred million,131.3Hundred million,--,--,--,--,--,--,--,--,--,--,--,--,--,--,--,--,--,--,--,--,--,--,--,--,--,--
Non-operating items,247.9Hundred million,432.8Hundred million,384.6Hundred million,211.7Hundred million,209.7Hundred million,536.5Hundred million,392.9Hundred million,205.2Hundred million,109.6Hundred million,709.6Hundred million,399.0Hundred million,257.3Hundred million,113.9Hundred million,364.0Hundred million,240.1Hundred million,159.8Hundred million,88.45Hundred million,224.4Hundred million,130.7Hundred million,99.01Hundred million,63.74Hundred million,352.1Hundred million,207.4Hundred million,139.7Hundred million,73.70Hundred million,282.3Hundred million,210.8Hundred million,136.3Hundred million,71.85Hundred million,352.0Hundred million,286.9Hundred million,211.0Hundred million,80.03Hundred million,297.6Hundred million,234.3Hundred million,153.3Hundred million,72.39Hundred million,351.1Hundred million,188.7Hundred million,44.09Hundred million,49.59Hundred million,621.9Hundred million,-90.31Hundred million,--,136.1Hundred million,818.6Hundred million,--,--,--,254.1Hundred million,--,--,--,--,--,--,--,--,--,--,--,--,--,--,--,--,--,--,--,--,600.8Hundred million,392.6Hundred million,197.3Hundred million,1031Hundred million,674.0Hundred million,430.7Hundred million,180.5Hundred million,870.8Hundred million,180.5Hundred million,870.8Hundred million,703.7Hundred million,337.2Hundred million,163.4Hundred million,618.8Hundred million
Accounting standards,US GAAP,US GAAP,US GAAP,US GAAP,US GAAP,US GAAP,US GAAP,US GAAP,US GAAP,US GAAP,US GAAP,US GAAP,US GAAP,US GAAP,US GAAP,US GAAP,US GAAP,US GAAP,US GAAP,US GAAP,US GAAP,US GAAP,US GAAP,US GAAP,US GAAP,US GAAP,US GAAP,US GAAP,US GAAP,US GAAP,US GAAP,US GAAP,US GAAP,US GAAP,US GAAP,US GAAP,US GAAP,US GAAP,US GAAP,US GAAP,US GAAP,US GAAP,US GAAP,US GAAP,US GAAP,,,,US GAAP,,,,,,,,,,,,,,,,,,US GAAP,US GAAP,,,,,US GAAP,US GAAP,US GAAP,US GAAP,US GAAP,US GAAP,US GAAP,US GAAP,US GAAP,US GAAP,US GAAP,US GAAP
