0,2025-02-01,2024-11-02,2024-08-03,2024-05-04,2024-02-03,2023-10-28,2023-07-29,2023-04-29,2023-01-28,2022-10-29,2022-07-30,2022-04-30,2022-01-29,2021-10-30,2021-07-31,2021-05-01,2021-01-30,2020-10-31,2020-08-01,2020-05-02,2020-02-01,2019-11-02,2019-08-03,2019-05-04,2019-02-02,2018-11-03,2018-08-04,2018-05-05,2018-02-03,2017-10-28,2017-07-29,2017-04-29,2017-01-28,2016-10-29,2016-07-30,2016-04-30,2016-01-30,2015-10-31,2015-08-01,2015-05-02,2015-01-31,2014-11-01,2014-08-02,2014-05-03,2014-02-01,2013-11-02,2013-08-03,2013-05-04,2013-02-02,2012-10-27,2012-07-28,2012-04-28,2012-01-28,2011-10-29,2011-07-30,2011-04-30,2011-01-29,2010-10-30,2010-07-31,2010-05-01,2010-01-30,2009-10-31,2009-08-01,2009-05-02,2009-01-31,2008-11-01,2008-08-02,2008-05-03,2008-02-02,2007-11-03,2007-08-04,2007-05-05,2008-05-03.1,2008-02-02.1,2007-11-03.1,2007-08-04.1,2007-05-05.1,2007-02-03
Financial Report Type,2024/annual report,2024/Q3 report,2024/Semi-annual report,2024/Q1 report,2023/annual report,2023/Q3 report,2023/Semi-annual report,2023/Q1 report,2022/annual report,2022/Q3 report,2022/Semi-annual report,2022/Q1 report,2021/annual report,2021/Q3 report,2021/Semi-annual report,2021/Q1 report,2020/annual report,2020/Q3 report,2020/Semi-annual report,2020/Q1 report,2019/annual report,2019/Q3 report,2019/Semi-annual report,2019/Q1 report,2018/annual report,2018/Q3 report,2018/Semi-annual report,2018/Q1 report,2017/annual report,2017/Q3 report,2017/Semi-annual report,2017/Q1 report,2016/annual report,2016/Q3 report,2016/Semi-annual report,2016/Q1 report,2015/annual report,2015/Q3 report,2015/Semi-annual report,2015/Q1 report,2014/annual report,2014/Q3 report,2014/Semi-annual report,2014/Q1 report,2013/annual report,2013/Q3 report,2013/Semi-annual report,2013/Q1 report,2012/annual report,2012/Q3 report,2012/Semi-annual report,2012/Q1 report,2011/annual report,2011/Q3 report,2011/Semi-annual report,2011/Q1 report,2010/annual report,2010/Q3 report,2010/Semi-annual report,2010/Q1 report,2009/annual report,2009/Q3 report,2009/Semi-annual report,2009/Q1 report,2008/annual report,2008/Q3 report,2008/Semi-annual report,2008/Q1 report,2007/annual report,2007/Q3 report,2007/Semi-annual report,2007/Q1 report,2008/Q1 report,2007/annual report,2007/Q3 report,2007/Semi-annual report,2007/Q1 report,2006/annual report
year-end date,2-1,2-1,2-1,2-1,2-3,2-3,2-3,2-3,1-28,1-28,1-28,1-28,1-29,1-29,1-29,1-29,1-30,1-30,1-30,1-30,2-1,2-1,2-1,2-1,2-2,2-2,2-2,2-2,2-3,2-3,2-3,2-3,1-28,1-28,1-28,1-28,1-30,1-30,1-30,1-30,1-31,1-31,1-31,1-31,2-1,2-1,2-1,2-1,2-2,2-2,2-2,2-2,1-28,1-28,1-28,1-28,1-29,1-29,1-29,1-29,1-30,1-30,1-30,1-30,1-31,1-31,1-31,1-31,2-2,2-2,2-2,2-2,1-31,2-2,2-2,2-2,2-2,2-3
currency,US Dollar,US Dollar,US Dollar,US Dollar,US Dollar,US Dollar,US Dollar,US Dollar,US Dollar,US Dollar,US Dollar,US Dollar,US Dollar,US Dollar,US Dollar,US Dollar,US Dollar,US Dollar,US Dollar,US Dollar,US Dollar,US Dollar,US Dollar,US Dollar,US Dollar,US Dollar,US Dollar,US Dollar,US Dollar,US Dollar,US Dollar,US Dollar,US Dollar,US Dollar,US Dollar,US Dollar,US Dollar,US Dollar,US Dollar,US Dollar,US Dollar,US Dollar,US Dollar,US Dollar,US Dollar,US Dollar,US Dollar,US Dollar,US Dollar,US Dollar,US Dollar,US Dollar,US Dollar,US Dollar,US Dollar,US Dollar,US Dollar,US Dollar,US Dollar,US Dollar,US Dollar,US Dollar,US Dollar,US Dollar,US Dollar,US Dollar,US Dollar,US Dollar,US Dollar,US Dollar,US Dollar,US Dollar,US Dollar,US Dollar,US Dollar,US Dollar,US Dollar,US Dollar
Current assets,,,,,,,,,,,,,,,,,,,,,,,,,,,,,,,,,,,,,,,,,,,,,,,,,,,,,,,,,,,,,,,,,,,,,,,,,,,,,,
Cash and cash equivalents,534.7Ten thousand,574.9Ten thousand,957.3Ten thousand,1296Ten thousand,1364Ten thousand,1352Ten thousand,1885Ten thousand,1824Ten thousand,1669Ten thousand,1924Ten thousand,2819Ten thousand,5849Ten thousand,5479Ten thousand,6706Ten thousand,6398Ten thousand,6538Ten thousand,6355Ten thousand,6446Ten thousand,3612Ten thousand,7175Ten thousand,6849Ten thousand,6606Ten thousand,6536Ten thousand,6611Ten thousand,6914Ten thousand,9295Ten thousand,1.064Hundred million,9012Ten thousand,2.445Hundred million,2.577Hundred million,2.023Hundred million,1.756Hundred million,1.937Hundred million,1.922Hundred million,1.708Hundred million,1.748Hundred million,1.875Hundred million,1.839Hundred million,1.458Hundred million,1.413Hundred million,1.733Hundred million,1.708Hundred million,1.709Hundred million,1.314Hundred million,1.740Hundred million,1.417Hundred million,1.497Hundred million,1.863Hundred million,1.941Hundred million,2.031Hundred million,1.586Hundred million,2.048Hundred million,1.767Hundred million,1.526Hundred million,1.515Hundred million,2.123Hundred million,1.837Hundred million,1.705Hundred million,1.960Hundred million,2.235Hundred million,1.684Hundred million,1.023Hundred million,1.522Hundred million,2.243Hundred million,2.262Hundred million,1.860Hundred million,1.467Hundred million,1.183Hundred million,8163Ten thousand,1.112Hundred million,8457Ten thousand,1.202Hundred million,1.183Hundred million,8163Ten thousand,1.112Hundred million,8457Ten thousand,1.202Hundred million,1.170Hundred million
Short-term investments,--,--,--,--,--,--,--,--,--,--,--,--,--,--,--,--,--,--,--,--,--,--,--,--,--,--,--,--,1500Ten thousand,1500Ten thousand,5580Ten thousand,5580Ten thousand,4930Ten thousand,7510Ten thousand,7510Ten thousand,5880Ten thousand,4010Ten thousand,3460Ten thousand,5958Ten thousand,5928Ten thousand,5200Ten thousand,3900Ten thousand,2900Ten thousand,6400Ten thousand,6250Ten thousand,5250Ten thousand,3500Ten thousand,1500Ten thousand,1500Ten thousand,--,--,--,--,--,--,--,--,--,--,--,--,--,--,--,--,--,--,--,--,--,--,5556Ten thousand,--,--,--,--,5556Ten thousand,7518Ten thousand
accounts receivable,4270Ten thousand,6221Ten thousand,6193Ten thousand,2829Ten thousand,3322Ten thousand,5171Ten thousand,3307Ten thousand,2566Ten thousand,4958Ten thousand,4882Ten thousand,4445Ten thousand,2881Ten thousand,2186Ten thousand,3876Ten thousand,3886Ten thousand,4262Ten thousand,3953Ten thousand,3138Ten thousand,2963Ten thousand,3717Ten thousand,3281Ten thousand,3947Ten thousand,3964Ten thousand,3956Ten thousand,3512Ten thousand,4011Ten thousand,4762Ten thousand,3196Ten thousand,2609Ten thousand,3243Ten thousand,3308Ten thousand,3154Ten thousand,3141Ten thousand,3061Ten thousand,3526Ten thousand,2554Ten thousand,2632Ten thousand,3650Ten thousand,3128Ten thousand,2504Ten thousand,3193Ten thousand,2813Ten thousand,3005Ten thousand,2510Ten thousand,2596Ten thousand,2627Ten thousand,2972Ten thousand,2222Ten thousand,1849Ten thousand,2595Ten thousand,2341Ten thousand,1866Ten thousand,1738Ten thousand,2587Ten thousand,2276Ten thousand,2127Ten thousand,1612Ten thousand,2095Ten thousand,1891Ten thousand,1626Ten thousand,1691Ten thousand,1674Ten thousand,2179Ten thousand,1930Ten thousand,1964Ten thousand,2421Ten thousand,2615Ten thousand,3466Ten thousand,4114Ten thousand,4469Ten thousand,3620Ten thousand,3553Ten thousand,3466Ten thousand,4114Ten thousand,4469Ten thousand,3620Ten thousand,3553Ten thousand,3517Ten thousand
inventory,3.996Hundred million,4.916Hundred million,5.206Hundred million,4.252Hundred million,3.621Hundred million,4.624Hundred million,5.370Hundred million,5.042Hundred million,4.478Hundred million,5.487Hundred million,6.164Hundred million,5.492Hundred million,4.288Hundred million,4.418Hundred million,4.614Hundred million,4.178Hundred million,3.881Hundred million,4.276Hundred million,3.810Hundred million,3.358Hundred million,3.272Hundred million,3.898Hundred million,3.862Hundred million,3.412Hundred million,3.035Hundred million,3.769Hundred million,3.665Hundred million,3.347Hundred million,3.244Hundred million,3.638Hundred million,3.110Hundred million,2.573Hundred million,2.863Hundred million,3.255Hundred million,2.966Hundred million,2.503Hundred million,2.688Hundred million,3.273Hundred million,3.140Hundred million,2.811Hundred million,2.976Hundred million,3.425Hundred million,3.390Hundred million,3.043Hundred million,3.224Hundred million,3.372Hundred million,3.257Hundred million,2.513Hundred million,2.670Hundred million,2.664Hundred million,2.390Hundred million,1.939Hundred million,2.129Hundred million,2.564Hundred million,2.441Hundred million,1.927Hundred million,2.105Hundred million,2.329Hundred million,2.143Hundred million,1.824Hundred million,2.062Hundred million,2.506Hundred million,2.630Hundred million,1.820Hundred million,2.112Hundred million,2.328Hundred million,2.191Hundred million,1.791Hundred million,1.966Hundred million,3.927Hundred million,3.339Hundred million,2.311Hundred million,1.791Hundred million,1.966Hundred million,3.927Hundred million,3.339Hundred million,2.311Hundred million,2.390Hundred million
Deferred income tax assets(Current),--,--,--,--,--,--,--,--,--,--,--,--,--,--,--,--,--,--,--,--,--,--,--,--,--,--,--,--,--,--,--,--,1750Ten thousand,1946Ten thousand,1870Ten thousand,1636Ten thousand,1549Ten thousand,1852Ten thousand,1538Ten thousand,1361Ten thousand,1508Ten thousand,1656Ten thousand,1617Ten thousand,1293Ten thousand,1086Ten thousand,1464Ten thousand,1258Ten thousand,1052Ten thousand,971.4Ten thousand,1811Ten thousand,1889Ten thousand,1498Ten thousand,1719Ten thousand,1499Ten thousand,1452Ten thousand,1265Ten thousand,1828Ten thousand,2590Ten thousand,3605Ten thousand,2981Ten thousand,1754Ten thousand,3897Ten thousand,4791Ten thousand,3918Ten thousand,1984Ten thousand,2276Ten thousand,2215Ten thousand,2036Ten thousand,2532Ten thousand,1750Ten thousand,1512Ten thousand,1228Ten thousand,2036Ten thousand,2532Ten thousand,1750Ten thousand,1512Ten thousand,1228Ten thousand,1641Ten thousand
Prepayments(Current),2035Ten thousand,4311Ten thousand,3525Ten thousand,4321Ten thousand,4317Ten thousand,6971Ten thousand,6511Ten thousand,5850Ten thousand,4788Ten thousand,4801Ten thousand,5938Ten thousand,5099Ten thousand,7608Ten thousand,5963Ten thousand,4501Ten thousand,5059Ten thousand,5586Ten thousand,1616Ten thousand,2309Ten thousand,2352Ten thousand,2142Ten thousand,2072Ten thousand,3026Ten thousand,2716Ten thousand,2767Ten thousand,3747Ten thousand,5322Ten thousand,6957Ten thousand,4646Ten thousand,2269Ten thousand,5410Ten thousand,3303Ten thousand,3289Ten thousand,1448Ten thousand,3107Ten thousand,3105Ten thousand,4304Ten thousand,3359Ten thousand,5026Ten thousand,3868Ten thousand,3935Ten thousand,3286Ten thousand,5655Ten thousand,4001Ten thousand,3358Ten thousand,3386Ten thousand,3951Ten thousand,3633Ten thousand,4093Ten thousand,3671Ten thousand,4590Ten thousand,4081Ten thousand,4918Ten thousand,3946Ten thousand,5006Ten thousand,4131Ten thousand,4686Ten thousand,4542Ten thousand,4611Ten thousand,4419Ten thousand,4571Ten thousand,4899Ten thousand,5224Ten thousand,4570Ten thousand,4267Ten thousand,8146Ten thousand,7817Ten thousand,7205Ten thousand,6759Ten thousand,8398Ten thousand,7651Ten thousand,4667Ten thousand,7205Ten thousand,6759Ten thousand,8398Ten thousand,7651Ten thousand,4667Ten thousand,4282Ten thousand
Other current assets,--,--,--,--,--,--,--,--,--,--,--,--,--,--,--,--,--,--,--,--,--,--,--,--,--,--,--,--,--,--,--,--,--,--,--,--,--,--,--,--,--,--,--,--,--,--,--,--,--,--,--,--,--,--,--,--,225.8Ten thousand,221.9Ten thousand,219.5Ten thousand,222.2Ten thousand,211.2Ten thousand,208.4Ten thousand,--,--,--,7897Ten thousand,8527Ten thousand,9907Ten thousand,9859Ten thousand,--,--,--,9907Ten thousand,9859Ten thousand,--,--,--,--
Total current assets,4.680Hundred million,6.027Hundred million,6.273Hundred million,5.096Hundred million,4.521Hundred million,5.974Hundred million,6.540Hundred million,6.066Hundred million,5.619Hundred million,6.648Hundred million,7.485Hundred million,6.875Hundred million,5.815Hundred million,6.073Hundred million,6.092Hundred million,5.764Hundred million,5.471Hundred million,5.396Hundred million,4.699Hundred million,4.682Hundred million,4.499Hundred million,5.161Hundred million,5.214Hundred million,4.740Hundred million,4.354Hundred million,5.474Hundred million,5.737Hundred million,5.263Hundred million,6.565Hundred million,6.917Hundred million,6.564Hundred million,5.533Hundred million,6.112Hundred million,6.573Hundred million,6.275Hundred million,5.568Hundred million,5.813Hundred million,6.345Hundred million,6.163Hundred million,5.590Hundred million,6.093Hundred million,6.298Hundred million,6.417Hundred million,5.778Hundred million,6.293Hundred million,6.062Hundred million,5.922Hundred million,5.216Hundred million,5.452Hundred million,5.503Hundred million,4.858Hundred million,4.731Hundred million,4.733Hundred million,4.894Hundred million,4.829Hundred million,4.803Hundred million,4.777Hundred million,4.979Hundred million,5.136Hundred million,4.983Hundred million,4.569Hundred million,4.597Hundred million,5.371Hundred million,5.104Hundred million,5.196Hundred million,6.262Hundred million,5.775Hundred million,5.235Hundred million,5.109Hundred million,6.501Hundred million,5.463Hundred million,5.013Hundred million,5.235Hundred million,5.109Hundred million,6.501Hundred million,5.463Hundred million,5.013Hundred million,5.256Hundred million
Non-current assets,,,,,,,,,,,,,,,,,,,,,,,,,,,,,,,,,,,,,,,,,,,,,,,,,,,,,,,,,,,,,,,,,,,,,,,,,,,,,,
Property、factory and equipment,9749Ten thousand,1.055Hundred million,1.113Hundred million,1.168Hundred million,1.248Hundred million,1.346Hundred million,1.412Hundred million,1.463Hundred million,1.499Hundred million,1.550Hundred million,1.547Hundred million,1.570Hundred million,1.550Hundred million,1.592Hundred million,1.656Hundred million,1.721Hundred million,1.818Hundred million,1.915Hundred million,2.010Hundred million,2.120Hundred million,2.369Hundred million,2.462Hundred million,2.488Hundred million,2.498Hundred million,2.604Hundred million,2.624Hundred million,2.571Hundred million,2.608Hundred million,2.585Hundred million,2.662Hundred million,2.633Hundred million,2.639Hundred million,2.643Hundred million,2.747Hundred million,2.772Hundred million,2.834Hundred million,2.910Hundred million,3.022Hundred million,3.071Hundred million,3.095Hundred million,3.103Hundred million,--,3.112Hundred million,3.153Hundred million,3.121Hundred million,--,--,--,--,--,--,--,--,--,--,--,--,--,--,--,--,--,--,--,--,--,--,--,--,--,--,--,--,--,--,--,--,--
fixed assets,--,--,--,--,--,--,--,--,--,--,--,--,--,--,--,--,--,--,--,--,--,--,--,--,--,--,--,--,--,--,--,--,--,--,--,--,--,--,--,--,--,3.189Hundred million,--,--,--,3.180Hundred million,3.119Hundred million,3.344Hundred million,3.301Hundred million,3.360Hundred million,3.308Hundred million,3.291Hundred million,3.239Hundred million,3.266Hundred million,3.313Hundred million,3.270Hundred million,3.206Hundred million,3.176Hundred million,3.183Hundred million,3.156Hundred million,3.128Hundred million,3.111Hundred million,3.108Hundred million,3.143Hundred million,3.181Hundred million,3.369Hundred million,3.338Hundred million,3.385Hundred million,3.541Hundred million,4.499Hundred million,4.021Hundred million,3.675Hundred million,3.385Hundred million,3.541Hundred million,4.499Hundred million,4.021Hundred million,3.675Hundred million,3.417Hundred million
Intangible assets,1300Ten thousand,1300Ten thousand,1300Ten thousand,4100Ten thousand,4112Ten thousand,7029Ten thousand,7049Ten thousand,7069Ten thousand,7089Ten thousand,7109Ten thousand,7129Ten thousand,7149Ten thousand,7169Ten thousand,7189Ten thousand,--,--,--,--,--,--,--,--,--,--,--,--,--,--,--,--,--,--,--,--,--,--,--,--,--,--,--,--,--,--,--,--,--,--,--,--,--,--,--,--,--,--,--,--,--,--,--,--,--,--,--,--,--,--,--,--,--,--,--,--,--,--,--,--
goodwill,--,--,--,--,--,--,--,--,--,--,--,--,--,--,7209Ten thousand,7229Ten thousand,7249Ten thousand,7269Ten thousand,7289Ten thousand,7309Ten thousand,7329Ten thousand,7339Ten thousand,7346Ten thousand,7366Ten thousand,--,--,--,--,--,--,--,--,--,--,--,--,--,--,--,--,--,--,--,--,--,--,--,--,--,--,--,--,--,--,--,--,--,--,--,--,--,--,--,--,--,--,--,--,--,--,--,--,--,--,--,--,--,--
Long-term investments,--,--,--,--,--,--,--,--,--,--,--,--,--,--,--,--,--,--,--,--,--,--,--,--,--,--,--,--,--,--,--,--,--,--,--,--,--,--,--,--,--,--,--,--,--,--,--,--,--,--,--,--,--,--,--,--,--,--,--,--,--,--,--,--,--,--,--,--,--,--,--,--,--,--,--,--,--,--
Deferred income tax assets(Non-current),--,--,--,--,--,3524Ten thousand,3580Ten thousand,3643Ten thousand,3662Ten thousand,2092Ten thousand,2001Ten thousand,2457Ten thousand,2311Ten thousand,2780Ten thousand,3636Ten thousand,3743Ten thousand,4558Ten thousand,9370Ten thousand,9193Ten thousand,6857Ten thousand,1294Ten thousand,1762Ten thousand,1559Ten thousand,1511Ten thousand,1775Ten thousand,1272Ten thousand,848.4Ten thousand,998.6Ten thousand,1270Ten thousand,5102Ten thousand,4657Ten thousand,5010Ten thousand,2973Ten thousand,2850Ten thousand,2537Ten thousand,2553Ten thousand,2223Ten thousand,3675Ten thousand,3526Ten thousand,3818Ten thousand,3558Ten thousand,4319Ten thousand,3982Ten thousand,4071Ten thousand,4581Ten thousand,4652Ten thousand,4972Ten thousand,4469Ten thousand,4368Ten thousand,4952Ten thousand,4761Ten thousand,5008Ten thousand,4905Ten thousand,5369Ten thousand,5506Ten thousand,5349Ten thousand,5193Ten thousand,5576Ten thousand,5641Ten thousand,5632Ten thousand,7993Ten thousand,6001Ten thousand,6975Ten thousand,6185Ten thousand,9610Ten thousand,7693Ten thousand,9116Ten thousand,8903Ten thousand,1.253Hundred million,8207Ten thousand,8478Ten thousand,8401Ten thousand,8903Ten thousand,1.253Hundred million,8207Ten thousand,8478Ten thousand,8401Ten thousand,6904Ten thousand
Other non-current assets,746.6Ten thousand,824.2Ten thousand,623.6Ten thousand,695.7Ten thousand,695.8Ten thousand,799.6Ten thousand,922.0Ten thousand,1005Ten thousand,1148Ten thousand,1280Ten thousand,1234Ten thousand,1291Ten thousand,1146Ten thousand,1274Ten thousand,998.0Ten thousand,853.6Ten thousand,954.8Ten thousand,1218Ten thousand,1250Ten thousand,1338Ten thousand,1457Ten thousand,1427Ten thousand,1414Ten thousand,1465Ten thousand,1354Ten thousand,1477Ten thousand,1509Ten thousand,1385Ten thousand,1249Ten thousand,452.6Ten thousand,444.1Ten thousand,497.5Ten thousand,532.2Ten thousand,349.7Ten thousand,343.2Ten thousand,341.6Ten thousand,343.0Ten thousand,393.7Ten thousand,331.1Ten thousand,342.0Ten thousand,--,357.3Ten thousand,367.3Ten thousand,375.3Ten thousand,335.5Ten thousand,399.1Ten thousand,421.5Ten thousand,432.7Ten thousand,439.6Ten thousand,415.9Ten thousand,427.2Ten thousand,433.9Ten thousand,440.7Ten thousand,451.0Ten thousand,401.6Ten thousand,416.8Ten thousand,409.8Ten thousand,420.2Ten thousand,427.0Ten thousand,434.7Ten thousand,444.3Ten thousand,452.8Ten thousand,520.7Ten thousand,529.8Ten thousand,594.7Ten thousand,629.8Ten thousand,670.5Ten thousand,287.8Ten thousand,722.8Ten thousand,313.6Ten thousand,311.9Ten thousand,309.5Ten thousand,287.8Ten thousand,722.8Ten thousand,313.6Ten thousand,311.9Ten thousand,309.5Ten thousand,310.3Ten thousand
Other non-current assets,1.616Hundred million,1.594Hundred million,1.635Hundred million,1.740Hundred million,1.754Hundred million,1.279Hundred million,1.123Hundred million,1.448Hundred million,1.555Hundred million,1.600Hundred million,1.676Hundred million,1.916Hundred million,1.947Hundred million,2.094Hundred million,2.352Hundred million,2.609Hundred million,2.836Hundred million,2.972Hundred million,3.198Hundred million,3.496Hundred million,3.938Hundred million,4.182Hundred million,4.301Hundred million,4.587Hundred million,--,--,--,--,--,--,--,--,--,--,--,--,--,--,--,--,--,--,--,--,--,--,--,--,--,--,--,--,--,--,--,--,--,--,--,--,--,--,--,--,--,--,--,--,--,--,--,--,--,--,--,--,--,--
Total non-current assets,2.795Hundred million,2.861Hundred million,2.941Hundred million,3.387Hundred million,3.482Hundred million,3.760Hundred million,3.691Hundred million,4.083Hundred million,4.243Hundred million,4.198Hundred million,4.260Hundred million,4.576Hundred million,4.559Hundred million,4.811Hundred million,5.192Hundred million,5.513Hundred million,5.930Hundred million,6.673Hundred million,6.981Hundred million,7.167Hundred million,7.315Hundred million,7.697Hundred million,7.821Hundred million,8.120Hundred million,2.917Hundred million,2.899Hundred million,2.806Hundred million,2.846Hundred million,2.837Hundred million,3.218Hundred million,3.143Hundred million,3.190Hundred million,2.993Hundred million,3.067Hundred million,3.060Hundred million,3.124Hundred million,3.166Hundred million,3.429Hundred million,3.457Hundred million,3.511Hundred million,3.459Hundred million,3.656Hundred million,3.547Hundred million,3.598Hundred million,3.613Hundred million,3.685Hundred million,3.658Hundred million,3.835Hundred million,3.782Hundred million,3.896Hundred million,3.827Hundred million,3.835Hundred million,3.773Hundred million,3.848Hundred million,3.904Hundred million,3.847Hundred million,3.766Hundred million,3.775Hundred million,3.789Hundred million,3.762Hundred million,3.972Hundred million,3.756Hundred million,3.858Hundred million,3.815Hundred million,4.202Hundred million,4.202Hundred million,4.317Hundred million,4.304Hundred million,4.867Hundred million,5.351Hundred million,4.900Hundred million,4.546Hundred million,4.304Hundred million,4.867Hundred million,5.351Hundred million,4.900Hundred million,4.546Hundred million,4.139Hundred million
Assets Other Items,--,--,--,--,--,--,--,--,--,--,--,--,--,--,--,--,--,--,--,--,--,--,--,--,--,--,--,--,--,--,--,--,--,--,--,--,--,--,--,--,345.8Ten thousand,--,--,--,--,--,--,--,--,--,--,--,--,--,--,--,--,--,--,--,--,--,--,--,--,--,--,--,--,--,--,--,--,--,--,--,--,--
total assets,7.476Hundred million,8.888Hundred million,9.214Hundred million,8.483Hundred million,8.003Hundred million,9.734Hundred million,10.23Hundred million,10.15Hundred million,9.863Hundred million,10.85Hundred million,11.74Hundred million,11.45Hundred million,10.37Hundred million,10.88Hundred million,11.28Hundred million,11.28Hundred million,11.40Hundred million,12.07Hundred million,11.68Hundred million,11.85Hundred million,11.81Hundred million,12.86Hundred million,13.04Hundred million,12.86Hundred million,7.270Hundred million,8.373Hundred million,8.543Hundred million,8.109Hundred million,9.402Hundred million,10.13Hundred million,9.707Hundred million,8.723Hundred million,9.105Hundred million,9.641Hundred million,9.335Hundred million,8.692Hundred million,8.979Hundred million,9.774Hundred million,9.620Hundred million,9.101Hundred million,9.586Hundred million,9.954Hundred million,9.964Hundred million,9.375Hundred million,9.906Hundred million,9.747Hundred million,9.580Hundred million,9.051Hundred million,9.234Hundred million,9.399Hundred million,8.686Hundred million,8.566Hundred million,8.506Hundred million,8.742Hundred million,8.733Hundred million,8.650Hundred million,8.543Hundred million,8.754Hundred million,8.925Hundred million,8.746Hundred million,8.541Hundred million,8.353Hundred million,9.229Hundred million,8.919Hundred million,9.398Hundred million,10.46Hundred million,10.09Hundred million,9.539Hundred million,9.975Hundred million,11.85Hundred million,10.36Hundred million,9.559Hundred million,9.539Hundred million,9.975Hundred million,11.85Hundred million,10.36Hundred million,9.559Hundred million,9.395Hundred million
Current liabilities,,,,,,,,,,,,,,,,,,,,,,,,,,,,,,,,,,,,,,,,,,,,,,,,,,,,,,,,,,,,,,,,,,,,,,,,,,,,,,
accounts payable,1.267Hundred million,1.259Hundred million,2.158Hundred million,1.931Hundred million,2.255Hundred million,1.826Hundred million,2.624Hundred million,2.232Hundred million,1.771Hundred million,2.214Hundred million,3.038Hundred million,2.606Hundred million,1.838Hundred million,1.731Hundred million,2.276Hundred million,2.281Hundred million,2.521Hundred million,2.839Hundred million,2.790Hundred million,2.640Hundred million,2.131Hundred million,2.355Hundred million,2.366Hundred million,2.056Hundred million,1.948Hundred million,2.236Hundred million,2.502Hundred million,2.195Hundred million,2.103Hundred million,2.496Hundred million,2.193Hundred million,1.524Hundred million,1.782Hundred million,1.702Hundred million,1.987Hundred million,1.275Hundred million,1.545Hundred million,1.837Hundred million,1.937Hundred million,1.309Hundred million,1.553Hundred million,1.504Hundred million,1.627Hundred million,1.207Hundred million,1.507Hundred million,1.176Hundred million,1.532Hundred million,6964Ten thousand,8746Ten thousand,9934Ten thousand,7281Ten thousand,3478Ten thousand,5552Ten thousand,5496Ten thousand,6774Ten thousand,2364Ten thousand,5073Ten thousand,7963Ten thousand,6856Ten thousand,4559Ten thousand,5555Ten thousand,6261Ten thousand,8925Ten thousand,5816Ten thousand,7333Ten thousand,7991Ten thousand,8029Ten thousand,5930Ten thousand,8081Ten thousand,1.668Hundred million,1.248Hundred million,8784Ten thousand,5930Ten thousand,8081Ten thousand,1.668Hundred million,1.248Hundred million,8784Ten thousand,8297Ten thousand
notes payable(Current),--,--,--,--,--,--,--,--,--,--,--,--,--,--,--,--,--,--,--,--,--,--,--,--,--,--,--,--,--,--,--,--,--,--,--,--,--,--,--,--,--,1.231Hundred million,--,--,--,1.188Hundred million,1.200Hundred million,1.011Hundred million,1.016Hundred million,1.053Hundred million,9164Ten thousand,9024Ten thousand,7425Ten thousand,9023Ten thousand,8290Ten thousand,8242Ten thousand,7852Ten thousand,9540Ten thousand,8085Ten thousand,8087Ten thousand,8876Ten thousand,1.018Hundred million,8922Ten thousand,9802Ten thousand,1.005Hundred million,1.147Hundred million,9362Ten thousand,1.038Hundred million,1.369Hundred million,1.508Hundred million,1.210Hundred million,1.332Hundred million,1.038Hundred million,1.369Hundred million,1.508Hundred million,1.210Hundred million,1.332Hundred million,1.388Hundred million
payable taxes(Current),244.1Ten thousand,241.3Ten thousand,338.4Ten thousand,347.6Ten thousand,529.7Ten thousand,216.7Ten thousand,293.8Ten thousand,353.4Ten thousand,601.4Ten thousand,50.60Ten thousand,248.2Ten thousand,600.1Ten thousand,1098Ten thousand,1070Ten thousand,453.6Ten thousand,641.8Ten thousand,550.8Ten thousand,744.5Ten thousand,566.6Ten thousand,262.9Ten thousand,560.7Ten thousand,717.1Ten thousand,506.8Ten thousand,245.2Ten thousand,99.70Ten thousand,759.8Ten thousand,454.5Ten thousand,132.6Ten thousand,691.1Ten thousand,679.0Ten thousand,335.9Ten thousand,2200Ten thousand,1381Ten thousand,2688Ten thousand,463.5Ten thousand,327.2Ten thousand,161.1Ten thousand,514.1Ten thousand,257.1Ten thousand,48.90Ten thousand,42.00Ten thousand,454.7Ten thousand,164.8Ten thousand,78.60Ten thousand,103.9Ten thousand,1550Ten thousand,383.2Ten thousand,607.6Ten thousand,245.9Ten thousand,791.1Ten thousand,304.6Ten thousand,174.9Ten thousand,178.8Ten thousand,393.2Ten thousand,210.8Ten thousand,106.1Ten thousand,114.3Ten thousand,245.7Ten thousand,102.9Ten thousand,23.10Ten thousand,121.2Ten thousand,312.1Ten thousand,386.9Ten thousand,78.90Ten thousand,316.6Ten thousand,844.8Ten thousand,552.6Ten thousand,551.4Ten thousand,384.5Ten thousand,1536Ten thousand,667.0Ten thousand,370.1Ten thousand,551.4Ten thousand,384.5Ten thousand,1536Ten thousand,667.0Ten thousand,370.1Ten thousand,2012Ten thousand
Unearned and accrued expenses,7590Ten thousand,9314Ten thousand,9507Ten thousand,7987Ten thousand,8961Ten thousand,9609Ten thousand,1.220Hundred million,1.169Hundred million,9966Ten thousand,1.197Hundred million,1.239Hundred million,1.119Hundred million,1.307Hundred million,1.439Hundred million,1.305Hundred million,1.129Hundred million,1.165Hundred million,1.334Hundred million,1.131Hundred million,1.074Hundred million,8361Ten thousand,1.095Hundred million,1.085Hundred million,1.053Hundred million,8676Ten thousand,1.156Hundred million,1.032Hundred million,9749Ten thousand,1.219Hundred million,1.164Hundred million,1.193Hundred million,9637Ten thousand,1.218Hundred million,1.193Hundred million,1.120Hundred million,9506Ten thousand,1.189Hundred million,1.105Hundred million,1.194Hundred million,1.042Hundred million,1.187Hundred million,--,1.236Hundred million,1.104Hundred million,1.197Hundred million,--,--,--,--,--,--,--,--,--,--,--,--,--,--,--,--,--,--,--,--,--,--,--,--,--,--,--,--,--,--,--,--,--
Short-term debt,2.457Hundred million,3.624Hundred million,3.167Hundred million,2.261Hundred million,2.267Hundred million,3.587Hundred million,3.475Hundred million,3.008Hundred million,2.870Hundred million,2.650Hundred million,2.839Hundred million,2.495Hundred million,1.753Hundred million,1.744Hundred million,1.998Hundred million,1.969Hundred million,1.698Hundred million,1.794Hundred million,2.508Hundred million,2.346Hundred million,1.708Hundred million,1.842Hundred million,1.964Hundred million,1.531Hundred million,4886Ten thousand,6500Ten thousand,8934Ten thousand,4680Ten thousand,2146Ten thousand,5640Ten thousand,5450Ten thousand,2740Ten thousand,1538Ten thousand,6560Ten thousand,4386Ten thousand,2500Ten thousand,--,3435Ten thousand,2958Ten thousand,1119Ten thousand,--,1910Ten thousand,2653Ten thousand,--,--,--,--,--,--,--,--,--,--,--,--,--,--,--,--,--,--,--,3800Ten thousand,1500Ten thousand,3000Ten thousand,3000Ten thousand,3000Ten thousand,2794Ten thousand,8898Ten thousand,1.089Hundred million,7223Ten thousand,--,2794Ten thousand,8898Ten thousand,1.089Hundred million,7223Ten thousand,--,--
Long-term liabilities(Current period portion),--,--,--,--,--,--,--,--,--,--,--,--,--,2827Ten thousand,--,--,--,132.8Ten thousand,--,--,--,--,--,--,--,--,--,--,--,--,--,--,--,--,--,--,--,--,--,--,--,--,--,--,--,--,--,--,--,--,--,--,--,--,--,--,--,--,--,--,--,--,--,--,--,--,--,--,--,--,--,--,--,--,--,--,--,--
Deferred revenue(Current),--,--,--,--,--,--,--,--,--,--,--,--,--,--,--,--,--,--,--,--,--,--,--,--,--,--,--,--,--,--,--,--,--,--,--,--,--,--,--,--,--,--,--,--,--,--,--,--,--,--,--,--,--,--,--,--,--,--,--,--,--,--,--,--,--,--,--,--,--,--,--,--,--,--,--,--,--,--
Other current liabilities,--,--,--,--,--,--,--,--,--,--,--,--,--,--,--,--,--,--,--,--,--,--,--,--,--,--,--,--,--,--,--,--,--,--,--,--,--,--,--,--,--,--,--,--,--,--,--,--,--,--,--,--,--,--,--,--,--,--,--,--,--,--,--,--,--,1.078Hundred million,1.084Hundred million,1.237Hundred million,--,--,--,--,1.237Hundred million,--,--,--,--,--
Capital Lease Debt(Current),6741Ten thousand,6515Ten thousand,6761Ten thousand,7067Ten thousand,6924Ten thousand,6622Ten thousand,6527Ten thousand,7474Ten thousand,7858Ten thousand,7707Ten thousand,7899Ten thousand,8957Ten thousand,9110Ten thousand,9412Ten thousand,1.100Hundred million,1.291Hundred million,1.746Hundred million,1.713Hundred million,1.609Hundred million,1.505Hundred million,1.219Hundred million,1.243Hundred million,1.277Hundred million,1.338Hundred million,--,--,--,--,--,--,--,--,--,--,--,--,--,--,--,--,--,--,--,--,--,--,--,--,--,--,--,--,--,--,--,--,--,--,--,--,--,--,--,--,--,--,--,--,--,--,--,--,--,--,--,--,--,--
Total current liabilities,5.181Hundred million,6.490Hundred million,6.985Hundred million,5.732Hundred million,6.164Hundred million,7.057Hundred million,8.002Hundred million,7.193Hundred million,6.484Hundred million,6.837Hundred million,7.931Hundred million,7.177Hundred million,5.918Hundred million,6.244Hundred million,6.724Hundred million,6.734Hundred million,7.185Hundred million,7.768Hundred million,8.095Hundred million,7.590Hundred million,5.950Hundred million,6.606Hundred million,6.742Hundred million,6.002Hundred million,3.314Hundred million,4.118Hundred million,4.473Hundred million,3.651Hundred million,3.605Hundred million,4.292Hundred million,3.965Hundred million,2.982Hundred million,3.292Hundred million,3.819Hundred million,3.592Hundred million,2.508Hundred million,2.750Hundred million,3.337Hundred million,3.452Hundred million,2.468Hundred million,2.745Hundred million,2.971Hundred million,3.145Hundred million,2.318Hundred million,2.713Hundred million,2.519Hundred million,2.771Hundred million,1.768Hundred million,1.915Hundred million,2.125Hundred million,1.675Hundred million,1.268Hundred million,1.316Hundred million,1.491Hundred million,1.527Hundred million,1.071Hundred million,1.304Hundred million,1.775Hundred million,1.504Hundred million,1.267Hundred million,1.455Hundred million,1.675Hundred million,2.203Hundred million,1.720Hundred million,2.070Hundred million,3.409Hundred million,3.178Hundred million,3.202Hundred million,3.105Hundred million,4.419Hundred million,3.247Hundred million,2.247Hundred million,3.202Hundred million,3.105Hundred million,4.419Hundred million,3.247Hundred million,2.247Hundred million,2.419Hundred million
Non-current liabilities,,,,,,,,,,,,,,,,,,,,,,,,,,,,,,,,,,,,,,,,,,,,,,,,,,,,,,,,,,,,,,,,,,,,,,,,,,,,,,
Deferred income tax liabilities(Non-current),--,--,--,--,--,--,--,--,--,--,--,--,--,--,--,--,--,--,--,--,--,--,--,--,--,--,--,--,--,--,--,--,--,--,--,6832Ten thousand,--,--,--,--,--,--,--,--,--,--,--,--,--,--,--,--,--,--,--,--,--,--,--,--,--,--,--,--,--,--,--,--,--,--,--,--,--,--,--,--,--,--
Deferred revenue(Non-current),--,--,--,--,--,--,--,--,--,--,--,--,--,--,--,--,--,--,--,--,--,--,--,--,4433Ten thousand,4667Ten thousand,4793Ten thousand,4902Ten thousand,5243Ten thousand,5510Ten thousand,5765Ten thousand,5837Ten thousand,6113Ten thousand,6358Ten thousand,6620Ten thousand,--,7025Ten thousand,7293Ten thousand,7508Ten thousand,7851Ten thousand,8021Ten thousand,8367Ten thousand,8463Ten thousand,8650Ten thousand,8856Ten thousand,9044Ten thousand,8872Ten thousand,9095Ten thousand,9260Ten thousand,9545Ten thousand,9612Ten thousand,9570Ten thousand,9457Ten thousand,9795Ten thousand,9986Ten thousand,9998Ten thousand,9439Ten thousand,9748Ten thousand,9561Ten thousand,9732Ten thousand,9871Ten thousand,1.013Hundred million,1.040Hundred million,1.017Hundred million,1.056Hundred million,1.073Hundred million,1.050Hundred million,1.086Hundred million,1.797Hundred million,1.784Hundred million,1.697Hundred million,1.684Hundred million,1.086Hundred million,1.797Hundred million,1.784Hundred million,1.697Hundred million,1.684Hundred million,1.695Hundred million
payable taxes(Non-current),--,--,--,948.6Ten thousand,948.6Ten thousand,961.1Ten thousand,961.0Ten thousand,1720Ten thousand,1720Ten thousand,1893Ten thousand,1893Ten thousand,1893Ten thousand,1494Ten thousand,1494Ten thousand,1494Ten thousand,1494Ten thousand,1494Ten thousand,1759Ten thousand,1759Ten thousand,1759Ten thousand,1759Ten thousand,1894Ten thousand,1894Ten thousand,1894Ten thousand,1894Ten thousand,1907Ten thousand,1907Ten thousand,3460Ten thousand,3460Ten thousand,--,--,--,--,--,--,--,--,--,--,--,--,--,--,--,--,--,--,--,--,--,--,--,--,--,--,--,--,--,--,--,--,--,--,--,--,--,--,--,--,--,--,--,--,--,--,--,--,--
Long-term liabilities,1.660Hundred million,1.657Hundred million,1.654Hundred million,1.666Hundred million,4982Ten thousand,4980Ten thousand,4979Ten thousand,4977Ten thousand,4975Ten thousand,4974Ten thousand,4972Ten thousand,4970Ten thousand,4969Ten thousand,4889Ten thousand,7421Ten thousand,7453Ten thousand,7535Ten thousand,7631Ten thousand,--,--,--,--,--,--,--,--,--,--,--,--,--,--,--,--,--,--,--,--,--,--,--,--,--,--,--,--,--,--,--,--,--,--,--,--,--,--,--,--,--,--,--,--,--,--,--,--,--,--,--,--,--,--,--,--,--,--,--,--
Other non-current liabilities,1558Ten thousand,1532Ten thousand,1582Ten thousand,1549Ten thousand,1555Ten thousand,1352Ten thousand,1390Ten thousand,1489Ten thousand,1599Ten thousand,1604Ten thousand,1615Ten thousand,1593Ten thousand,2078Ten thousand,2356Ten thousand,2400Ten thousand,2432Ten thousand,2379Ten thousand,2677Ten thousand,2511Ten thousand,2147Ten thousand,2171Ten thousand,2013Ten thousand,1932Ten thousand,1913Ten thousand,1794Ten thousand,1626Ten thousand,1691Ten thousand,1907Ten thousand,1898Ten thousand,1869Ten thousand,1888Ten thousand,1999Ten thousand,2389Ten thousand,2427Ten thousand,2575Ten thousand,2661Ten thousand,2488Ten thousand,2120Ten thousand,1281Ten thousand,1404Ten thousand,1482Ten thousand,1395Ten thousand,1381Ten thousand,1384Ten thousand,1394Ten thousand,1686Ten thousand,1685Ten thousand,1590Ten thousand,1836Ten thousand,1671Ten thousand,1720Ten thousand,1490Ten thousand,1516Ten thousand,2047Ten thousand,2076Ten thousand,2227Ten thousand,2181Ten thousand,2081Ten thousand,2132Ten thousand,2064Ten thousand,2087Ten thousand,1325Ten thousand,1526Ten thousand,3891Ten thousand,7932Ten thousand,8864Ten thousand,9010Ten thousand,3292Ten thousand,3511Ten thousand,2905Ten thousand,2825Ten thousand,2814Ten thousand,3292Ten thousand,3511Ten thousand,2905Ten thousand,2825Ten thousand,2814Ten thousand,631.7Ten thousand
Capital Lease Debt(Non-current),1.073Hundred million,1.084Hundred million,1.106Hundred million,1.184Hundred million,1.181Hundred million,7664Ten thousand,6371Ten thousand,8791Ten thousand,9648Ten thousand,1.041Hundred million,1.124Hundred million,1.291Hundred million,1.348Hundred million,1.543Hundred million,1.747Hundred million,1.954Hundred million,2.142Hundred million,2.322Hundred million,2.542Hundred million,2.818Hundred million,3.119Hundred million,3.316Hundred million,3.418Hundred million,3.673Hundred million,--,--,--,--,--,--,--,--,--,--,--,--,--,--,--,--,--,--,--,--,--,--,--,--,--,--,--,--,--,--,--,--,--,--,--,--,--,--,--,--,--,--,--,--,--,--,--,--,--,--,--,--,--,--
Total non-current liabilities,2.888Hundred million,2.894Hundred million,2.918Hundred million,3.100Hundred million,1.929Hundred million,1.496Hundred million,1.370Hundred million,1.698Hundred million,1.794Hundred million,1.888Hundred million,1.972Hundred million,2.137Hundred million,2.202Hundred million,2.417Hundred million,2.879Hundred million,3.092Hundred million,3.283Hundred million,3.528Hundred million,2.969Hundred million,3.209Hundred million,3.512Hundred million,3.707Hundred million,3.801Hundred million,4.054Hundred million,8121Ten thousand,8201Ten thousand,8391Ten thousand,1.027Hundred million,1.060Hundred million,7378Ten thousand,7653Ten thousand,7836Ten thousand,8502Ten thousand,8785Ten thousand,9195Ten thousand,9493Ten thousand,9513Ten thousand,9413Ten thousand,8789Ten thousand,9255Ten thousand,9503Ten thousand,9762Ten thousand,9844Ten thousand,1.003Hundred million,1.025Hundred million,1.073Hundred million,1.056Hundred million,1.068Hundred million,1.110Hundred million,1.122Hundred million,1.133Hundred million,1.106Hundred million,1.097Hundred million,1.184Hundred million,1.206Hundred million,1.222Hundred million,1.162Hundred million,1.183Hundred million,1.169Hundred million,1.180Hundred million,1.196Hundred million,1.146Hundred million,1.193Hundred million,1.406Hundred million,1.849Hundred million,1.960Hundred million,1.951Hundred million,1.415Hundred million,2.148Hundred million,2.074Hundred million,1.980Hundred million,1.965Hundred million,1.415Hundred million,2.148Hundred million,2.074Hundred million,1.980Hundred million,1.965Hundred million,1.758Hundred million
total liabilities,8.070Hundred million,9.384Hundred million,9.903Hundred million,8.832Hundred million,8.093Hundred million,8.553Hundred million,9.372Hundred million,8.890Hundred million,8.278Hundred million,8.724Hundred million,9.903Hundred million,9.313Hundred million,8.120Hundred million,8.661Hundred million,9.603Hundred million,9.827Hundred million,10.47Hundred million,11.30Hundred million,11.06Hundred million,10.80Hundred million,9.462Hundred million,10.31Hundred million,10.54Hundred million,10.06Hundred million,4.126Hundred million,4.938Hundred million,5.312Hundred million,4.678Hundred million,4.665Hundred million,5.030Hundred million,4.730Hundred million,3.766Hundred million,4.142Hundred million,4.698Hundred million,4.511Hundred million,3.457Hundred million,3.702Hundred million,4.278Hundred million,4.331Hundred million,3.393Hundred million,3.695Hundred million,3.948Hundred million,4.129Hundred million,3.321Hundred million,3.739Hundred million,3.592Hundred million,3.827Hundred million,2.837Hundred million,3.025Hundred million,3.247Hundred million,2.808Hundred million,2.374Hundred million,2.413Hundred million,2.675Hundred million,2.734Hundred million,2.294Hundred million,2.466Hundred million,2.958Hundred million,2.674Hundred million,2.446Hundred million,2.651Hundred million,2.821Hundred million,3.396Hundred million,3.125Hundred million,3.919Hundred million,5.368Hundred million,5.130Hundred million,4.617Hundred million,5.253Hundred million,6.493Hundred million,5.226Hundred million,4.212Hundred million,4.617Hundred million,5.253Hundred million,6.493Hundred million,5.226Hundred million,4.212Hundred million,4.177Hundred million
Capital and Reserves,,,,,,,,,,,,,,,,,,,,,,,,,,,,,,,,,,,,,,,,,,,,,,,,,,,,,,,,,,,,,,,,,,,,,,,,,,,,,,
Common stock,127.9Ten thousand,127.8Ten thousand,127.8Ten thousand,127.4Ten thousand,125.9Ten thousand,125.5Ten thousand,125.4Ten thousand,124.7Ten thousand,122.9Ten thousand,126.6Ten thousand,130.9Ten thousand,134.2Ten thousand,139.6Ten thousand,144.7Ten thousand,148.3Ten thousand,146.9Ten thousand,146.4Ten thousand,146.4Ten thousand,146.4Ten thousand,145.8Ten thousand,147.6Ten thousand,153.1Ten thousand,157.2Ten thousand,159.2Ten thousand,158.8Ten thousand,163.0Ten thousand,164.9Ten thousand,174.1Ten thousand,172.6Ten thousand,174.9Ten thousand,177.2Ten thousand,174.8Ten thousand,177.6Ten thousand,181.6Ten thousand,185.7Ten thousand,189.4Ten thousand,194.8Ten thousand,201.4Ten thousand,204.6Ten thousand,207.4Ten thousand,210.8Ten thousand,213.6Ten thousand,217.1Ten thousand,220.0Ten thousand,222.3Ten thousand,223.2Ten thousand,224.3Ten thousand,228.7Ten thousand,231.8Ten thousand,239.9Ten thousand,241.5Ten thousand,244.3Ten thousand,247.1Ten thousand,249.4Ten thousand,254.9Ten thousand,260.1Ten thousand,261.3Ten thousand,261.9Ten thousand,278.2Ten thousand,277.0Ten thousand,274.7Ten thousand,273.9Ten thousand,296.7Ten thousand,295.0Ten thousand,294.7Ten thousand,293.8Ten thousand,293.3Ten thousand,292.3Ten thousand,291.4Ten thousand,290.9Ten thousand,290.9Ten thousand,290.9Ten thousand,292.3Ten thousand,291.4Ten thousand,290.9Ten thousand,290.9Ten thousand,290.9Ten thousand,290.9Ten thousand
Preferred stock,--,--,--,--,--,--,--,--,--,--,--,--,--,--,--,--,--,--,--,--,--,--,--,--,--,--,--,--,--,--,--,--,--,--,--,--,--,--,--,--,--,--,--,--,--,--,--,--,--,--,--,--,--,--,--,--,--,--,--,--,--,--,--,--,--,--,--,--,--,--,--,--,--,--,--,--,--,--
treasury stock,-9.000Ten thousand,-11.00Ten thousand,-297.5Ten thousand,-295.7Ten thousand,-290.9Ten thousand,-393.2Ten thousand,-388.4Ten thousand,-381.0Ten thousand,-373.6Ten thousand,-366.1Ten thousand,-358.7Ten thousand,-351.2Ten thousand,-344.3Ten thousand,-337.3Ten thousand,-330.4Ten thousand,-323.4Ten thousand,-316.4Ten thousand,-309.5Ten thousand,-302.5Ten thousand,-302.5Ten thousand,-295.6Ten thousand,-288.6Ten thousand,-281.6Ten thousand,-274.7Ten thousand,-268.5Ten thousand,-262.2Ten thousand,-256.0Ten thousand,-1.025Hundred million,-243.6Ten thousand,-237.4Ten thousand,-231.2Ten thousand,-225.0Ten thousand,-218.8Ten thousand,-212.6Ten thousand,-206.3Ten thousand,-200.1Ten thousand,-193.9Ten thousand,-187.7Ten thousand,-181.3Ten thousand,-174.8Ten thousand,-168.2Ten thousand,-212.3Ten thousand,-205.7Ten thousand,-199.2Ten thousand,-157.5Ten thousand,-151.3Ten thousand,-145.1Ten thousand,-138.8Ten thousand,-111.9Ten thousand,-105.7Ten thousand,-121.1Ten thousand,-106.2Ten thousand,-59.80Ten thousand,-53.60Ten thousand,-46.30Ten thousand,-40.10Ten thousand,--,--,--,--,--,--,--,--,--,--,--,--,--,--,--,--,--,--,--,--,--,--
Retained earnings,-1.927Hundred million,-1.847Hundred million,-2.048Hundred million,-1.727Hundred million,-1.349Hundred million,-601.5Ten thousand,-4448Ten thousand,-920.7Ten thousand,2254Ten thousand,7938Ten thousand,4553Ten thousand,7191Ten thousand,7791Ten thousand,6975Ten thousand,1570Ten thousand,56.30Ten thousand,-4279Ten thousand,-5054Ten thousand,-6386Ten thousand,-1684Ten thousand,1.082Hundred million,1.211Hundred million,1.138Hundred million,1.449Hundred million,1.808Hundred million,2.108Hundred million,1.986Hundred million,2.127Hundred million,2.263Hundred million,2.726Hundred million,2.602Hundred million,2.750Hundred million,2.749Hundred million,2.770Hundred million,2.664Hundred million,3.046Hundred million,3.211Hundred million,3.371Hundred million,3.173Hundred million,3.525Hundred million,3.741Hundred million,--,3.529Hundred million,3.782Hundred million,3.896Hundred million,--,--,--,--,--,--,--,--,--,--,--,--,--,--,--,--,--,--,--,--,--,--,--,--,--,--,--,--,--,--,--,--,--
Share Premium,1.515Hundred million,1.514Hundred million,1.519Hundred million,1.534Hundred million,1.411Hundred million,1.403Hundred million,1.451Hundred million,1.508Hundred million,1.510Hundred million,1.485Hundred million,1.520Hundred million,1.551Hundred million,1.603Hundred million,1.640Hundred million,1.643Hundred million,1.559Hundred million,1.485Hundred million,1.416Hundred million,1.384Hundred million,1.353Hundred million,1.390Hundred million,1.452Hundred million,1.491Hundred million,1.494Hundred million,1.470Hundred million,1.468Hundred million,1.383Hundred million,2.427Hundred million,2.585Hundred million,2.537Hundred million,2.487Hundred million,2.443Hundred million,2.399Hundred million,2.389Hundred million,2.339Hundred million,2.326Hundred million,2.322Hundred million,2.306Hundred million,2.298Hundred million,2.286Hundred million,2.304Hundred million,2.286Hundred million,2.273Hundred million,2.247Hundred million,2.265Hundred million,2.231Hundred million,2.188Hundred million,2.174Hundred million,2.157Hundred million,2.147Hundred million,2.120Hundred million,2.100Hundred million,2.102Hundred million,2.169Hundred million,2.174Hundred million,2.188Hundred million,2.100Hundred million,2.072Hundred million,2.186Hundred million,2.139Hundred million,2.046Hundred million,2.037Hundred million,2.144Hundred million,2.112Hundred million,2.059Hundred million,2.049Hundred million,2.025Hundred million,1.978Hundred million,1.956Hundred million,1.943Hundred million,1.937Hundred million,1.897Hundred million,1.978Hundred million,1.956Hundred million,1.943Hundred million,1.937Hundred million,1.897Hundred million,1.886Hundred million
Other comprehensive income,-1949Ten thousand,-1752Ten thousand,-1724Ten thousand,-1682Ten thousand,-1650Ten thousand,-1750Ten thousand,-1596Ten thousand,-1707Ten thousand,-1625Ten thousand,-1701Ten thousand,-1461Ten thousand,-1467Ten thousand,-1419Ten thousand,-1296Ten thousand,-1329Ten thousand,-1293Ten thousand,-1382Ten thousand,-1517Ten thousand,-1444Ten thousand,-1491Ten thousand,-1355Ten thousand,-1344Ten thousand,-1525Ten thousand,-1554Ten thousand,-1493Ten thousand,-1573Ten thousand,-1545Ten thousand,-1401Ten thousand,-1283Ten thousand,-1764Ten thousand,-1309Ten thousand,-2536Ten thousand,-2034Ten thousand,-2335Ten thousand,-1976Ten thousand,-1560Ten thousand,-2749Ten thousand,-2024Ten thousand,-2026Ten thousand,-1239Ten thousand,-1749Ten thousand,--,109.3Ten thousand,29.00Ten thousand,-152.9Ten thousand,--,--,--,--,--,--,--,--,--,--,--,--,--,--,--,--,--,--,--,--,--,--,--,--,--,--,--,--,--,--,--,--,--
other items of equity attributable to parent company shareholders,9.000Ten thousand,11.00Ten thousand,297.5Ten thousand,295.7Ten thousand,290.9Ten thousand,393.2Ten thousand,388.4Ten thousand,381.0Ten thousand,373.6Ten thousand,366.1Ten thousand,358.7Ten thousand,351.2Ten thousand,344.3Ten thousand,337.3Ten thousand,330.4Ten thousand,323.4Ten thousand,316.4Ten thousand,309.5Ten thousand,302.5Ten thousand,302.5Ten thousand,295.6Ten thousand,288.6Ten thousand,281.6Ten thousand,274.7Ten thousand,268.5Ten thousand,262.2Ten thousand,256.0Ten thousand,249.8Ten thousand,243.6Ten thousand,237.4Ten thousand,231.2Ten thousand,225.0Ten thousand,218.8Ten thousand,212.6Ten thousand,206.3Ten thousand,200.1Ten thousand,193.9Ten thousand,187.7Ten thousand,181.3Ten thousand,174.8Ten thousand,168.2Ten thousand,3.721Hundred million,205.7Ten thousand,199.2Ten thousand,157.5Ten thousand,3.917Hundred million,3.557Hundred million,4.031Hundred million,4.041Hundred million,3.992Hundred million,3.746Hundred million,4.079Hundred million,3.973Hundred million,3.878Hundred million,3.804Hundred million,4.146Hundred million,3.952Hundred million,3.699Hundred million,4.038Hundred million,4.133Hundred million,3.816Hundred million,3.468Hundred million,3.659Hundred million,3.652Hundred million,3.391Hundred million,3.016Hundred million,2.908Hundred million,2.914Hundred million,2.737Hundred million,3.386Hundred million,3.170Hundred million,3.420Hundred million,2.914Hundred million,2.737Hundred million,3.386Hundred million,3.170Hundred million,3.420Hundred million,3.303Hundred million
equity attributable to parent company shareholders,-5941Ten thousand,-4957Ten thousand,-6887Ten thousand,-3485Ten thousand,-901.9Ten thousand,1.181Hundred million,8593Ten thousand,1.258Hundred million,1.585Hundred million,2.122Hundred million,1.842Hundred million,2.137Hundred million,2.255Hundred million,2.222Hundred million,1.682Hundred million,1.450Hundred million,9338Ten thousand,7737Ten thousand,6152Ten thousand,1.050Hundred million,2.352Hundred million,2.544Hundred million,2.493Hundred million,2.804Hundred million,3.144Hundred million,3.435Hundred million,3.231Hundred million,3.431Hundred million,4.737Hundred million,5.105Hundred million,4.977Hundred million,4.957Hundred million,4.963Hundred million,4.943Hundred million,4.824Hundred million,5.235Hundred million,5.278Hundred million,5.495Hundred million,5.288Hundred million,5.708Hundred million,5.891Hundred million,6.007Hundred million,5.835Hundred million,6.054Hundred million,6.168Hundred million,6.155Hundred million,5.753Hundred million,6.214Hundred million,6.209Hundred million,6.152Hundred million,5.877Hundred million,6.192Hundred million,6.094Hundred million,6.066Hundred million,5.999Hundred million,6.356Hundred million,6.077Hundred million,5.797Hundred million,6.252Hundred million,6.299Hundred million,5.890Hundred million,5.532Hundred million,5.832Hundred million,5.794Hundred million,5.479Hundred million,5.095Hundred million,4.962Hundred million,4.922Hundred million,4.722Hundred million,5.358Hundred million,5.136Hundred million,5.347Hundred million,4.922Hundred million,4.722Hundred million,5.358Hundred million,5.136Hundred million,5.347Hundred million,5.218Hundred million
minority shareholder equity,--,--,--,--,--,--,--,--,--,--,--,--,--,--,--,--,--,--,--,--,--,--,--,--,--,--,--,--,--,--,--,--,--,--,--,--,--,--,--,--,--,--,--,--,--,--,--,--,--,--,--,--,--,--,--,--,--,--,--,--,--,--,--,--,--,--,--,--,--,--,--,--,--,--,--,--,--,--
Total Shareholders' Equity Other Items,--,--,--,--,--,--,--,--,--,--,--,--,--,--,--,--,--,--,--,--,--,--,--,--,--,--,--,--,--,--,--,--,--,--,--,--,--,--,--,--,--,--,--,--,--,--,--,--,--,--,--,--,--,--,--,--,--,--,--,--,--,--,--,--,--,--,--,--,--,--,--,--,--,--,--,--,--,--
Total Shareholders' Equity,-5941Ten thousand,-4957Ten thousand,-6887Ten thousand,-3485Ten thousand,-901.9Ten thousand,1.181Hundred million,8593Ten thousand,1.258Hundred million,1.585Hundred million,2.122Hundred million,1.842Hundred million,2.137Hundred million,2.255Hundred million,2.222Hundred million,1.682Hundred million,1.450Hundred million,9338Ten thousand,7737Ten thousand,6152Ten thousand,1.050Hundred million,2.352Hundred million,2.544Hundred million,2.493Hundred million,2.804Hundred million,3.144Hundred million,3.435Hundred million,3.231Hundred million,3.431Hundred million,4.737Hundred million,5.105Hundred million,4.977Hundred million,4.957Hundred million,4.963Hundred million,4.943Hundred million,4.824Hundred million,5.235Hundred million,5.278Hundred million,5.495Hundred million,5.288Hundred million,5.708Hundred million,5.891Hundred million,6.007Hundred million,5.835Hundred million,6.054Hundred million,6.168Hundred million,6.155Hundred million,5.753Hundred million,6.214Hundred million,6.209Hundred million,6.152Hundred million,5.877Hundred million,6.192Hundred million,6.094Hundred million,6.066Hundred million,5.999Hundred million,6.356Hundred million,6.077Hundred million,5.797Hundred million,6.252Hundred million,6.299Hundred million,5.890Hundred million,5.532Hundred million,5.832Hundred million,5.794Hundred million,5.479Hundred million,5.095Hundred million,4.962Hundred million,4.922Hundred million,4.722Hundred million,5.358Hundred million,5.136Hundred million,5.347Hundred million,4.922Hundred million,4.722Hundred million,5.358Hundred million,5.136Hundred million,5.347Hundred million,5.218Hundred million
Total Liabilities and Shareholders' Equity,7.476Hundred million,8.888Hundred million,9.214Hundred million,8.483Hundred million,8.003Hundred million,9.734Hundred million,10.23Hundred million,10.15Hundred million,9.863Hundred million,10.85Hundred million,11.74Hundred million,11.45Hundred million,10.37Hundred million,10.88Hundred million,11.28Hundred million,11.28Hundred million,11.40Hundred million,12.07Hundred million,11.68Hundred million,11.85Hundred million,11.81Hundred million,12.86Hundred million,13.04Hundred million,12.86Hundred million,7.270Hundred million,8.373Hundred million,8.543Hundred million,8.109Hundred million,9.402Hundred million,10.13Hundred million,9.707Hundred million,8.723Hundred million,9.105Hundred million,9.641Hundred million,9.335Hundred million,8.692Hundred million,8.979Hundred million,9.774Hundred million,9.620Hundred million,9.101Hundred million,9.586Hundred million,--,9.964Hundred million,9.375Hundred million,9.906Hundred million,--,--,--,--,--,--,--,--,--,--,--,--,--,--,--,--,--,--,--,--,--,--,--,--,--,--,--,--,--,--,--,--,--
Accounting standards,US GAAP,US GAAP,US GAAP,US GAAP,US GAAP,US GAAP,US GAAP,US GAAP,US GAAP,US GAAP,US GAAP,US GAAP,US GAAP,US GAAP,US GAAP,US GAAP,US GAAP,US GAAP,US GAAP,US GAAP,US GAAP,US GAAP,US GAAP,US GAAP,US GAAP,US GAAP,US GAAP,US GAAP,US GAAP,US GAAP,US GAAP,US GAAP,US GAAP,US GAAP,US GAAP,US GAAP,US GAAP,US GAAP,US GAAP,US GAAP,US GAAP,,US GAAP,US GAAP,US GAAP,,,,,,,,,,,,,,,,,,,,,,,,,,,,,,,,,
