0,2025-02-28,2024-11-30,2024-08-31,2024-05-31,2024-02-29,2023-11-30,2023-08-31,2023-05-31,2023-02-28,2022-11-30,2022-08-31,2022-05-31,2022-02-28,2021-11-30,2021-08-31,2021-05-31,2021-02-28,2020-11-30,2020-08-31,2020-05-31,2020-02-29,2019-11-30,2019-08-31,2019-05-31,2019-02-28,2018-11-30,2018-08-31,2018-05-31,2018-02-28,2017-11-30,2017-08-31,2017-05-31,2017-02-28,2016-11-30,2016-08-31,2016-05-31,2016-02-29,2015-11-30,2015-08-31,2015-05-31,2015-02-28,2014-11-30,2014-08-31,2014-05-31,2014-02-28,2013-11-30,2013-08-31,2013-05-31,2013-02-28,2012-11-30,2012-08-31,2012-05-31,2012-02-29,2011-11-30,2011-08-31,2011-05-31,2011-02-28,2010-11-30,2010-08-31,2010-05-31,2010-02-28,2009-11-30,2009-08-31,2009-05-31,2009-02-28,2008-11-30,2008-08-31,2008-05-31,2008-02-29,2007-11-30,2007-08-31,2007-05-31,2007-02-28,2006-11-30,2006-08-31,2006-05-31,2006-02-28,2005-05-31
Financial Report Type,2024/Q3 report,2024/Semi-annual report,2024/Q1 report,2023/annual report,2023/Q3 report,2023/Semi-annual report,2023/Q1 report,2022/annual report,2022/Q3 report,2022/Semi-annual report,2022/Q1 report,2021/annual report,2021/Q3 report,2021/Semi-annual report,2021/Q1 report,2020/annual report,2020/Q3 report,2020/Semi-annual report,2020/Q1 report,2019/annual report,2019/Q3 report,2019/Semi-annual report,2019/Q1 report,2018/annual report,2018/Q3 report,2018/Semi-annual report,2018/Q1 report,2017/annual report,2017/Q3 report,2017/Semi-annual report,2017/Q1 report,2016/annual report,2016/Q3 report,2016/Semi-annual report,2016/Q1 report,2015/annual report,2015/Q3 report,2015/Semi-annual report,2015/Q1 report,2014/annual report,2014/Q3 report,2014/Semi-annual report,2014/Q1 report,2013/annual report,2013/Q3 report,2013/Semi-annual report,2013/Q1 report,2012/annual report,2012/Q3 report,2012/Semi-annual report,2012/Q1 report,2011/annual report,2011/Q3 report,2011/Semi-annual report,2011/Q1 report,2010/annual report,2010/Q3 report,2010/Semi-annual report,2010/Q1 report,2009/annual report,2009/Q3 report,2009/Semi-annual report,2009/Q1 report,2008/annual report,2008/Q3 report,2008/Semi-annual report,2008/Q1 report,2007/annual report,2007/Q3 report,2007/Semi-annual report,2007/Q1 report,2006/annual report,2006/Q3 report,2006/Semi-annual report,2006/Q1 report,2005/annual report,2005/Q3 report,2004/annual report
year-end date,5-31,5-31,5-31,5-31,5-31,5-31,5-31,5-31,5-31,5-31,5-31,5-31,5-31,5-31,5-31,5-31,5-31,5-31,5-31,5-31,5-31,5-31,5-31,5-31,5-31,5-31,5-31,5-31,5-31,5-31,5-31,5-31,5-31,5-31,5-31,5-31,5-31,5-31,5-31,5-31,5-31,5-31,5-31,5-31,5-31,5-31,5-31,5-31,5-31,5-31,5-31,5-31,5-31,5-31,5-31,5-31,5-31,5-31,5-31,5-31,5-31,5-31,5-31,5-31,5-31,5-31,5-31,5-31,5-31,5-31,5-31,5-31,5-31,5-31,5-31,5-31,5-31,5-31
currency,US Dollar,US Dollar,US Dollar,US Dollar,US Dollar,US Dollar,US Dollar,US Dollar,US Dollar,US Dollar,US Dollar,US Dollar,US Dollar,US Dollar,US Dollar,US Dollar,US Dollar,US Dollar,US Dollar,US Dollar,US Dollar,US Dollar,US Dollar,US Dollar,US Dollar,US Dollar,US Dollar,US Dollar,US Dollar,US Dollar,US Dollar,US Dollar,US Dollar,US Dollar,US Dollar,US Dollar,US Dollar,US Dollar,US Dollar,US Dollar,US Dollar,US Dollar,US Dollar,US Dollar,US Dollar,US Dollar,US Dollar,US Dollar,US Dollar,US Dollar,US Dollar,US Dollar,US Dollar,US Dollar,US Dollar,US Dollar,US Dollar,US Dollar,US Dollar,US Dollar,US Dollar,US Dollar,US Dollar,US Dollar,US Dollar,US Dollar,US Dollar,US Dollar,US Dollar,US Dollar,US Dollar,US Dollar,US Dollar,US Dollar,US Dollar,US Dollar,US Dollar,US Dollar
Current assets,,,,,,,,,,,,,,,,,,,,,,,,,,,,,,,,,,,,,,,,,,,,,,,,,,,,,,,,,,,,,,,,,,,,,,,,,,,,,,
Cash and cash equivalents,2.228Hundred million,1.938Hundred million,1.785Hundred million,2.442Hundred million,2.273Hundred million,4.309Hundred million,2.010Hundred million,4.223Hundred million,2.672Hundred million,1.296Hundred million,3577Ten thousand,3449Ten thousand,4432Ten thousand,2.252Hundred million,3.992Hundred million,6.403Hundred million,6.495Hundred million,7.131Hundred million,6.501Hundred million,1.472Hundred million,1.034Hundred million,7226Ten thousand,4558Ten thousand,9236Ten thousand,1.131Hundred million,9303Ten thousand,9684Ten thousand,1.220Hundred million,1.474Hundred million,1.222Hundred million,1.959Hundred million,2.781Hundred million,2.273Hundred million,1.752Hundred million,1.815Hundred million,8419Ten thousand,2543Ten thousand,2735Ten thousand,1877Ten thousand,3107Ten thousand,4247Ten thousand,9654Ten thousand,1.469Hundred million,1.901Hundred million,5289Ten thousand,1.091Hundred million,1.210Hundred million,5139Ten thousand,3736Ten thousand,3289Ten thousand,3048Ten thousand,4103Ten thousand,3527Ten thousand,5381Ten thousand,3688Ten thousand,5617Ten thousand,4973Ten thousand,6087Ten thousand,6487Ten thousand,5902Ten thousand,5469Ten thousand,6944Ten thousand,1.024Hundred million,5632Ten thousand,3194Ten thousand,2644Ten thousand,7478Ten thousand,7377Ten thousand,5443Ten thousand,3955Ten thousand,7869Ten thousand,3828Ten thousand,3897Ten thousand,2253Ten thousand,1701Ten thousand,5622Ten thousand,7137Ten thousand,5725Ten thousand
Short-term investments,--,--,--,--,--,--,--,--,--,--,--,--,--,--,--,--,--,--,--,--,--,--,--,--,--,--,--,--,--,--,--,--,--,--,--,--,--,--,--,--,--,--,--,--,--,--,--,--,--,--,--,--,--,--,--,--,--,--,--,--,--,--,--,--,--,--,--,--,--,--,--,--,--,--,--,217.3Ten thousand,4207Ten thousand,--
accounts receivable,2.028Hundred million,1.849Hundred million,1.685Hundred million,1.998Hundred million,2.194Hundred million,6.408Hundred million,6.983Hundred million,2.249Hundred million,7.159Hundred million,6.947Hundred million,8.183Hundred million,8.575Hundred million,8.567Hundred million,7.367Hundred million,7.184Hundred million,6.400Hundred million,5.258Hundred million,4.419Hundred million,4.231Hundred million,3.410Hundred million,4.727Hundred million,4.772Hundred million,4.724Hundred million,5.019Hundred million,5.127Hundred million,5.180Hundred million,5.646Hundred million,5.727Hundred million,5.080Hundred million,5.077Hundred million,4.651Hundred million,4.867Hundred million,4.667Hundred million,4.290Hundred million,4.165Hundred million,4.397Hundred million,3.991Hundred million,4.074Hundred million,4.316Hundred million,4.743Hundred million,4.959Hundred million,4.917Hundred million,4.860Hundred million,4.931Hundred million,4.679Hundred million,4.340Hundred million,4.394Hundred million,3.943Hundred million,3.765Hundred million,3.349Hundred million,3.597Hundred million,4.009Hundred million,3.735Hundred million,3.286Hundred million,3.532Hundred million,3.886Hundred million,3.452Hundred million,3.151Hundred million,3.240Hundred million,3.015Hundred million,2.001Hundred million,1.826Hundred million,1.785Hundred million,1.829Hundred million,2.151Hundred million,3.120Hundred million,3.786Hundred million,3.844Hundred million,4.083Hundred million,3.700Hundred million,3.842Hundred million,4.009Hundred million,3.714Hundred million,3.792Hundred million,4.000Hundred million,4.046Hundred million,3.639Hundred million,4.045Hundred million
receivable taxes,354.3Ten thousand,941.7Ten thousand,471.1Ten thousand,1732Ten thousand,239.8Ten thousand,551.1Ten thousand,259.3Ten thousand,168.1Ten thousand,1562Ten thousand,1983Ten thousand,233.1Ten thousand,2056Ten thousand,275.5Ten thousand,157.4Ten thousand,--,195.8Ten thousand,335.1Ten thousand,324.7Ten thousand,228.7Ten thousand,837.6Ten thousand,1115Ten thousand,1256Ten thousand,819.8Ten thousand,1089Ten thousand,1753Ten thousand,1808Ten thousand,634.9Ten thousand,165.0Ten thousand,971.1Ten thousand,1086Ten thousand,210.5Ten thousand,716.4Ten thousand,1555Ten thousand,799.7Ten thousand,249.8Ten thousand,1054Ten thousand,1193Ten thousand,349.1Ten thousand,286.8Ten thousand,1212Ten thousand,844.0Ten thousand,1376Ten thousand,--,543.8Ten thousand,--,--,--,--,--,--,--,--,--,--,--,--,--,--,--,--,--,--,--,--,--,--,--,--,--,--,--,--,--,--,--,--,--,--
inventory,1.653Hundred million,1.795Hundred million,1.873Hundred million,1.646Hundred million,1.917Hundred million,5.764Hundred million,6.723Hundred million,1.945Hundred million,6.011Hundred million,6.546Hundred million,7.271Hundred million,7.591Hundred million,8.692Hundred million,8.396Hundred million,7.424Hundred million,5.648Hundred million,4.132Hundred million,3.044Hundred million,3.195Hundred million,4.051Hundred million,3.769Hundred million,3.798Hundred million,4.222Hundred million,4.843Hundred million,4.861Hundred million,4.887Hundred million,4.941Hundred million,4.540Hundred million,4.314Hundred million,4.160Hundred million,4.259Hundred million,3.539Hundred million,3.402Hundred million,3.379Hundred million,3.697Hundred million,3.193Hundred million,3.212Hundred million,3.512Hundred million,3.828Hundred million,3.750Hundred million,4.781Hundred million,4.548Hundred million,4.676Hundred million,4.100Hundred million,4.413Hundred million,3.924Hundred million,3.767Hundred million,3.568Hundred million,3.734Hundred million,3.582Hundred million,3.836Hundred million,4.019Hundred million,3.951Hundred million,3.351Hundred million,3.778Hundred million,3.708Hundred million,3.726Hundred million,3.411Hundred million,3.729Hundred million,3.643Hundred million,3.219Hundred million,2.664Hundred million,2.329Hundred million,2.706Hundred million,3.655Hundred million,4.599Hundred million,6.700Hundred million,5.930Hundred million,4.907Hundred million,4.478Hundred million,4.452Hundred million,4.479Hundred million,4.832Hundred million,5.314Hundred million,5.550Hundred million,4.594Hundred million,4.456Hundred million,4.257Hundred million
Deferred income tax assets(Current),--,--,--,--,--,--,--,--,--,--,--,--,--,--,--,--,--,--,--,--,--,--,--,--,--,--,--,--,--,--,--,--,--,--,--,--,2271Ten thousand,2136Ten thousand,2173Ten thousand,2203Ten thousand,2483Ten thousand,2306Ten thousand,2332Ten thousand,2427Ten thousand,2398Ten thousand,2266Ten thousand,2306Ten thousand,2193Ten thousand,2018Ten thousand,1996Ten thousand,2040Ten thousand,2091Ten thousand,2430Ten thousand,2229Ten thousand,2270Ten thousand,2830Ten thousand,2393Ten thousand,2246Ten thousand,2243Ten thousand,2196Ten thousand,2672Ten thousand,2505Ten thousand,2566Ten thousand,2487Ten thousand,5466Ten thousand,5309Ten thousand,1833Ten thousand,1797Ten thousand,1816Ten thousand,1949Ten thousand,1326Ten thousand,1307Ten thousand,1655Ten thousand,1545Ten thousand,1556Ten thousand,1585Ten thousand,1929Ten thousand,1949Ten thousand
assets from discontinued operations,--,--,--,--,--,--,--,9.787Hundred million,--,--,--,--,--,--,--,--,--,--,--,--,--,--,--,--,--,--,--,--,--,--,--,--,--,--,--,--,--,--,--,--,--,--,--,--,--,--,--,--,--,--,--,--,--,--,--,--,--,--,--,--,--,--,--,--,--,--,--,--,--,--,--,--,--,--,--,--,--,--
Prepayments(Current),3939Ten thousand,3539Ten thousand,3738Ten thousand,4794Ten thousand,5030Ten thousand,1.172Hundred million,1.157Hundred million,4630Ten thousand,1.057Hundred million,9887Ten thousand,1.002Hundred million,9366Ten thousand,9051Ten thousand,7295Ten thousand,7054Ten thousand,6905Ten thousand,7391Ten thousand,6837Ten thousand,7100Ten thousand,6854Ten thousand,7497Ten thousand,6708Ten thousand,6712Ten thousand,6951Ten thousand,6808Ten thousand,6237Ten thousand,6085Ten thousand,6013Ten thousand,5839Ten thousand,5120Ten thousand,6286Ten thousand,5541Ten thousand,5360Ten thousand,4739Ten thousand,5213Ten thousand,5129Ten thousand,5578Ten thousand,4853Ten thousand,5363Ten thousand,5429Ten thousand,5167Ten thousand,4631Ten thousand,4563Ten thousand,4377Ten thousand,4568Ten thousand,4145Ten thousand,4443Ten thousand,3871Ten thousand,3796Ten thousand,3856Ten thousand,3890Ten thousand,4140Ten thousand,3647Ten thousand,3274Ten thousand,3677Ten thousand,3675Ten thousand,3540Ten thousand,3227Ten thousand,3316Ten thousand,3144Ten thousand,3144Ten thousand,3042Ten thousand,3332Ten thousand,3384Ten thousand,3527Ten thousand,3587Ten thousand,3615Ten thousand,3479Ten thousand,3998Ten thousand,4313Ten thousand,4033Ten thousand,3910Ten thousand,3968Ten thousand,3855Ten thousand,3717Ten thousand,3455Ten thousand,5485Ten thousand,2672Ten thousand
Other current assets,--,--,--,--,--,--,--,--,--,--,--,--,--,--,--,--,--,--,--,--,--,--,--,--,--,--,--,--,--,--,--,--,--,--,--,--,--,--,--,--,--,--,3510Ten thousand,--,1178Ten thousand,505.4Ten thousand,568.7Ten thousand,376.4Ten thousand,1817Ten thousand,1057Ten thousand,1316Ten thousand,809.4Ten thousand,2400Ten thousand,3609Ten thousand,3128Ten thousand,1104Ten thousand,971.3Ten thousand,591.5Ten thousand,492.8Ten thousand,408.0Ten thousand,1811Ten thousand,786.3Ten thousand,2235Ten thousand,3046Ten thousand,2744Ten thousand,184.1Ten thousand,109.2Ten thousand,113.2Ten thousand,560.3Ten thousand,1340Ten thousand,454.6Ten thousand,3016Ten thousand,--,--,--,--,--,--
Other current assets,--,--,--,--,--,178.9Ten thousand,197.9Ten thousand,--,519.1Ten thousand,519.1Ten thousand,2149Ten thousand,2032Ten thousand,3353Ten thousand,3472Ten thousand,3974Ten thousand,5196Ten thousand,2120Ten thousand,1.567Hundred million,3.005Hundred million,1293Ten thousand,1403Ten thousand,173.1Ten thousand,1459Ten thousand,692.4Ten thousand,756.8Ten thousand,739.5Ten thousand,765.5Ten thousand,3066Ten thousand,374.0Ten thousand,374.0Ten thousand,935.8Ten thousand,965.4Ten thousand,1362Ten thousand,1005Ten thousand,1005Ten thousand,1008Ten thousand,1144Ten thousand,1265Ten thousand,2345Ten thousand,2341Ten thousand,2456Ten thousand,2826Ten thousand,--,3224Ten thousand,--,--,--,--,--,--,--,--,--,--,--,--,--,--,--,--,--,--,--,--,--,--,--,--,--,--,--,--,519.3Ten thousand,687.5Ten thousand,2333Ten thousand,2354Ten thousand,--,464.4Ten thousand
Total current assets,6.340Hundred million,6.030Hundred million,5.764Hundred million,6.739Hundred million,6.911Hundred million,17.73Hundred million,16.92Hundred million,18.68Hundred million,17.11Hundred million,16.03Hundred million,17.05Hundred million,17.86Hundred million,18.97Hundred million,19.11Hundred million,19.70Hundred million,19.68Hundred million,16.87Hundred million,16.88Hundred million,17.66Hundred million,9.832Hundred million,10.53Hundred million,10.11Hundred million,10.30Hundred million,11.66Hundred million,12.05Hundred million,11.88Hundred million,12.30Hundred million,12.41Hundred million,11.59Hundred million,11.12Hundred million,11.61Hundred million,11.91Hundred million,11.17Hundred million,10.07Hundred million,10.32Hundred million,9.151Hundred million,8.477Hundred million,8.719Hundred million,9.348Hundred million,9.922Hundred million,11.26Hundred million,11.54Hundred million,12.05Hundred million,11.99Hundred million,10.44Hundred million,10.05Hundred million,10.10Hundred million,8.669Hundred million,8.636Hundred million,7.951Hundred million,8.462Hundred million,9.142Hundred million,8.886Hundred million,8.087Hundred million,8.586Hundred million,8.916Hundred million,8.365Hundred million,7.777Hundred million,8.223Hundred million,7.823Hundred million,6.530Hundred million,5.817Hundred million,5.952Hundred million,5.989Hundred million,7.299Hundred million,8.891Hundred million,11.79Hundred million,11.05Hundred million,10.17Hundred million,9.335Hundred million,9.662Hundred million,9.694Hundred million,9.550Hundred million,9.940Hundred million,10.48Hundred million,9.962Hundred million,9.971Hundred million,9.383Hundred million
Non-current assets,,,,,,,,,,,,,,,,,,,,,,,,,,,,,,,,,,,,,,,,,,,,,,,,,,,,,,,,,,,,,,,,,,,,,,,,,,,,,,
Property、factory and equipment,5.026Hundred million,4.950Hundred million,4.822Hundred million,4.540Hundred million,5.725Hundred million,16.57Hundred million,16.26Hundred million,5.555Hundred million,16.04Hundred million,15.76Hundred million,14.99Hundred million,15.52Hundred million,14.77Hundred million,13.60Hundred million,14.40Hundred million,13.17Hundred million,13.94Hundred million,13.76Hundred million,13.80Hundred million,13.58Hundred million,13.52Hundred million,13.45Hundred million,13.13Hundred million,13.59Hundred million,13.60Hundred million,13.54Hundred million,13.43Hundred million,13.31Hundred million,13.68Hundred million,13.47Hundred million,13.29Hundred million,12.59Hundred million,12.58Hundred million,12.85Hundred million,12.34Hundred million,12.03Hundred million,11.68Hundred million,11.22Hundred million,11.08Hundred million,10.91Hundred million,10.81Hundred million,10.72Hundred million,--,10.63Hundred million,--,--,--,--,--,--,--,--,--,--,--,--,--,--,--,--,--,--,--,--,--,--,--,--,--,--,--,--,5.653Hundred million,5.703Hundred million,5.551Hundred million,5.469Hundred million,11.03Hundred million,10.33Hundred million
fixed assets,--,--,--,--,--,--,--,--,--,--,--,--,--,--,--,--,--,--,--,--,--,--,--,--,--,--,--,--,--,--,--,--,--,--,--,--,--,--,--,--,--,--,5.041Hundred million,--,5.110Hundred million,5.050Hundred million,5.039Hundred million,4.594Hundred million,4.546Hundred million,4.601Hundred million,4.409Hundred million,4.431Hundred million,4.551Hundred million,3.990Hundred million,3.913Hundred million,4.053Hundred million,4.956Hundred million,4.878Hundred million,4.971Hundred million,5.062Hundred million,5.213Hundred million,5.180Hundred million,5.153Hundred million,5.215Hundred million,5.197Hundred million,5.297Hundred million,5.497Hundred million,5.499Hundred million,5.524Hundred million,5.585Hundred million,5.638Hundred million,5.643Hundred million,--,--,--,--,--,--
Intangible assets,2.399Hundred million,2.441Hundred million,2.504Hundred million,2.211Hundred million,2.269Hundred million,3.056Hundred million,3.100Hundred million,2.309Hundred million,3.185Hundred million,3.229Hundred million,3.266Hundred million,2.990Hundred million,3.042Hundred million,2.676Hundred million,2.702Hundred million,2.404Hundred million,2.455Hundred million,1.744Hundred million,1.797Hundred million,1.844Hundred million,1.911Hundred million,1.907Hundred million,1.910Hundred million,1.961Hundred million,2.016Hundred million,2.051Hundred million,2.096Hundred million,2.140Hundred million,2.362Hundred million,2.399Hundred million,2.478Hundred million,8278Ten thousand,8529Ten thousand,8859Ten thousand,9269Ten thousand,9616Ten thousand,9461Ten thousand,9212Ten thousand,1.148Hundred million,1.191Hundred million,1.266Hundred million,1.505Hundred million,1.530Hundred million,1.460Hundred million,1.414Hundred million,1.280Hundred million,1.634Hundred million,1.471Hundred million,1.122Hundred million,1.148Hundred million,9870Ten thousand,1.003Hundred million,9952Ten thousand,4324Ten thousand,4020Ten thousand,1996Ten thousand,2527Ten thousand,2487Ten thousand,2570Ten thousand,2396Ten thousand,2401Ten thousand,2953Ten thousand,2270Ten thousand,2364Ten thousand,--,--,--,--,--,--,--,--,--,--,--,--,--,--
goodwill,3.680Hundred million,3.698Hundred million,3.734Hundred million,3.316Hundred million,3.454Hundred million,4.169Hundred million,4.158Hundred million,3.362Hundred million,4.140Hundred million,4.130Hundred million,4.119Hundred million,4.015Hundred million,4.073Hundred million,3.702Hundred million,3.752Hundred million,3.511Hundred million,3.585Hundred million,3.200Hundred million,3.268Hundred million,3.214Hundred million,3.211Hundred million,3.419Hundred million,3.311Hundred million,3.346Hundred million,3.353Hundred million,3.421Hundred million,3.445Hundred million,3.452Hundred million,3.526Hundred million,3.501Hundred million,3.555Hundred million,2.477Hundred million,2.449Hundred million,2.439Hundred million,2.462Hundred million,2.461Hundred million,2.441Hundred million,2.371Hundred million,2.396Hundred million,2.390Hundred million,2.407Hundred million,2.834Hundred million,2.694Hundred million,2.511Hundred million,2.376Hundred million,2.126Hundred million,2.136Hundred million,2.139Hundred million,1.797Hundred million,1.798Hundred million,1.568Hundred million,1.567Hundred million,1.549Hundred million,1.024Hundred million,9704Ten thousand,9363Ten thousand,9394Ten thousand,8511Ten thousand,8448Ten thousand,7954Ten thousand,8172Ten thousand,1.085Hundred million,1.017Hundred million,1.013Hundred million,9829Ten thousand,9781Ten thousand,2.013Hundred million,1.835Hundred million,1.830Hundred million,1.819Hundred million,1.798Hundred million,1.794Hundred million,1.786Hundred million,1.787Hundred million,1.932Hundred million,1.778Hundred million,1.763Hundred million,1.683Hundred million
land use rights,--,--,--,--,--,--,--,--,--,--,4977Ten thousand,--,5108Ten thousand,2132Ten thousand,--,2174Ten thousand,2316Ten thousand,2359Ten thousand,2457Ten thousand,2420Ten thousand,2421Ten thousand,2303Ten thousand,2300Ten thousand,2400Ten thousand,2402Ten thousand,2407Ten thousand,2419Ten thousand,2423Ten thousand,2755Ten thousand,2738Ten thousand,2737Ten thousand,2208Ten thousand,1654Ten thousand,--,1854Ten thousand,1854Ten thousand,1607Ten thousand,1437Ten thousand,1584Ten thousand,1602Ten thousand,1615Ten thousand,1524Ten thousand,--,1526Ten thousand,--,--,--,--,--,--,--,--,--,--,--,--,--,--,--,--,--,--,--,--,--,--,--,--,--,--,--,--,--,--,--,--,--,2063Ten thousand
Long-term investments,--,--,--,--,--,--,--,--,--,--,--,--,--,--,--,--,--,--,--,--,--,--,--,--,--,--,--,--,--,--,--,--,--,--,--,--,--,--,--,--,--,--,1.964Hundred million,--,1.755Hundred million,1.745Hundred million,1.844Hundred million,2.461Hundred million,2.563Hundred million,2.523Hundred million,2.441Hundred million,2.409Hundred million,2.380Hundred million,2.332Hundred million,2.348Hundred million,2.321Hundred million,1.251Hundred million,1.222Hundred million,1.133Hundred million,1.130Hundred million,1.091Hundred million,1.051Hundred million,1.011Hundred million,1.004Hundred million,1.024Hundred million,1.375Hundred million,1.300Hundred million,1.198Hundred million,1.107Hundred million,1.068Hundred million,5818Ten thousand,5754Ten thousand,--,--,--,--,--,--
Deferred income tax assets(Non-current),--,--,--,--,--,--,--,--,--,--,--,--,--,--,--,--,--,--,--,--,--,--,--,--,--,--,--,--,--,--,--,--,--,--,--,--,--,--,--,--,--,--,--,--,--,--,--,--,--,--,--,--,--,--,--,--,--,--,--,--,--,--,--,--,--,--,--,--,--,--,--,--,--,--,--,--,--,--
Other investments,1.318Hundred million,1.352Hundred million,1.405Hundred million,1.449Hundred million,1.207Hundred million,2.474Hundred million,2.416Hundred million,1.380Hundred million,2.443Hundred million,2.409Hundred million,2.526Hundred million,3.274Hundred million,3.034Hundred million,2.914Hundred million,2.591Hundred million,2.331Hundred million,2.204Hundred million,2.100Hundred million,2.084Hundred million,2.033Hundred million,2.227Hundred million,2.258Hundred million,2.130Hundred million,2.149Hundred million,2.229Hundred million,2.217Hundred million,2.211Hundred million,2.160Hundred million,2.121Hundred million,2.138Hundred million,2.127Hundred million,2.086Hundred million,2.050Hundred million,2.035Hundred million,2.000Hundred million,1.918Hundred million,2.089Hundred million,2.101Hundred million,2.014Hundred million,1.968Hundred million,1.958Hundred million,1.947Hundred million,--,1.791Hundred million,--,--,--,--,--,--,--,--,--,--,--,--,--,--,--,--,--,--,--,--,--,--,--,--,--,--,--,--,8536Ten thousand,1.261Hundred million,1.356Hundred million,1.237Hundred million,1.430Hundred million,1.369Hundred million
Other non-current assets,2378Ten thousand,2231Ten thousand,2161Ten thousand,2134Ten thousand,3090Ten thousand,4292Ten thousand,3825Ten thousand,1434Ten thousand,2545Ten thousand,2544Ten thousand,2660Ten thousand,3439Ten thousand,3372Ten thousand,3245Ten thousand,3101Ten thousand,3057Ten thousand,3299Ten thousand,3284Ten thousand,3454Ten thousand,3496Ten thousand,3348Ten thousand,3361Ten thousand,2976Ten thousand,2062Ten thousand,2148Ten thousand,2157Ten thousand,2048Ten thousand,2048Ten thousand,2997Ten thousand,2837Ten thousand,2792Ten thousand,2484Ten thousand,2498Ten thousand,2791Ten thousand,2978Ten thousand,2925Ten thousand,2560Ten thousand,2568Ten thousand,2450Ten thousand,2487Ten thousand,2070Ten thousand,2245Ten thousand,2726Ten thousand,2240Ten thousand,1688Ten thousand,1658Ten thousand,1749Ten thousand,1742Ten thousand,1886Ten thousand,1865Ten thousand,1890Ten thousand,2259Ten thousand,2323Ten thousand,2315Ten thousand,2343Ten thousand,2454Ten thousand,1659Ten thousand,1458Ten thousand,1469Ten thousand,1539Ten thousand,1383Ten thousand,1378Ten thousand,1805Ten thousand,1801Ten thousand,3863Ten thousand,4080Ten thousand,4156Ten thousand,2979Ten thousand,3164Ten thousand,3358Ten thousand,3669Ten thousand,4355Ten thousand,4431Ten thousand,4897Ten thousand,4886Ten thousand,5573Ten thousand,4377Ten thousand,3359Ten thousand
construction in progress,3105Ten thousand,2733Ten thousand,3384Ten thousand,2450Ten thousand,3926Ten thousand,7854Ten thousand,6441Ten thousand,2478Ten thousand,5731Ten thousand,6067Ten thousand,6367Ten thousand,5936Ten thousand,7683Ten thousand,6842Ten thousand,--,5390Ten thousand,4897Ten thousand,6353Ten thousand,5499Ten thousand,5223Ten thousand,5122Ten thousand,5804Ten thousand,5449Ten thousand,4942Ten thousand,4931Ten thousand,4508Ten thousand,3946Ten thousand,3228Ten thousand,3273Ten thousand,3402Ten thousand,3017Ten thousand,2762Ten thousand,2640Ten thousand,--,3079Ten thousand,4816Ten thousand,3524Ten thousand,5217Ten thousand,5906Ten thousand,4075Ten thousand,4316Ten thousand,4312Ten thousand,--,3214Ten thousand,--,--,--,--,--,--,--,--,--,--,--,--,--,--,--,--,--,--,--,--,--,--,--,--,--,--,--,--,--,--,--,--,--,1812Ten thousand
Other non-current assets,-2.491Hundred million,-2.397Hundred million,-2.330Hundred million,-2.326Hundred million,-3.221Hundred million,-9.372Hundred million,-9.111Hundred million,4.829Hundred million,-8.766Hundred million,-8.515Hundred million,-8.256Hundred million,-8.158Hundred million,-8.121Hundred million,-8.044Hundred million,-7.981Hundred million,-8.428Hundred million,-8.724Hundred million,-8.603Hundred million,-8.445Hundred million,-8.302Hundred million,-8.202Hundred million,-8.197Hundred million,-8.030Hundred million,-8.539Hundred million,-8.519Hundred million,-8.393Hundred million,-8.222Hundred million,-8.028Hundred million,-8.035Hundred million,-7.811Hundred million,-7.612Hundred million,-7.387Hundred million,-7.313Hundred million,-7.137Hundred million,-7.025Hundred million,-6.868Hundred million,-6.803Hundred million,-6.649Hundred million,-6.522Hundred million,-6.347Hundred million,-6.291Hundred million,-6.285Hundred million,--,-6.113Hundred million,--,--,--,--,--,--,--,--,--,--,--,--,--,--,--,--,--,--,--,--,--,--,--,--,--,--,--,--,--,--,--,--,-5.543Hundred million,-5.187Hundred million
Total non-current assets,10.48Hundred million,10.54Hundred million,10.69Hundred million,9.647Hundred million,10.14Hundred million,18.12Hundred million,17.85Hundred million,17.83Hundred million,17.87Hundred million,17.88Hundred million,18.05Hundred million,18.57Hundred million,18.41Hundred million,16.07Hundred million,15.77Hundred million,14.05Hundred million,14.51Hundred million,13.40Hundred million,13.65Hundred million,13.48Hundred million,13.76Hundred million,13.98Hundred million,13.53Hundred million,13.45Hundred million,13.62Hundred million,13.75Hundred million,13.80Hundred million,13.81Hundred million,14.56Hundred million,14.60Hundred million,14.69Hundred million,11.34Hundred million,11.30Hundred million,11.35Hundred million,11.49Hundred million,11.46Hundred million,11.12Hundred million,10.89Hundred million,11.11Hundred million,10.93Hundred million,10.95Hundred million,11.53Hundred million,11.50Hundred million,10.97Hundred million,10.82Hundred million,10.37Hundred million,10.83Hundred million,10.84Hundred million,10.22Hundred million,10.26Hundred million,9.593Hundred million,9.636Hundred million,9.707Hundred million,8.009Hundred million,7.868Hundred million,7.756Hundred million,7.565Hundred million,7.346Hundred million,7.353Hundred million,7.381Hundred million,7.500Hundred million,7.750Hundred million,7.589Hundred million,7.649Hundred million,7.591Hundred million,8.059Hundred million,9.227Hundred million,8.831Hundred million,8.777Hundred million,8.808Hundred million,8.385Hundred million,8.448Hundred million,8.735Hundred million,9.241Hundred million,9.327Hundred million,9.042Hundred million,9.121Hundred million,8.917Hundred million
total assets,16.82Hundred million,16.57Hundred million,16.45Hundred million,16.39Hundred million,17.05Hundred million,35.84Hundred million,34.77Hundred million,36.51Hundred million,34.98Hundred million,33.91Hundred million,35.10Hundred million,36.43Hundred million,37.38Hundred million,35.18Hundred million,35.48Hundred million,33.73Hundred million,31.38Hundred million,30.27Hundred million,31.31Hundred million,23.32Hundred million,24.29Hundred million,24.09Hundred million,23.83Hundred million,25.11Hundred million,25.67Hundred million,25.62Hundred million,26.10Hundred million,26.22Hundred million,26.15Hundred million,25.72Hundred million,26.31Hundred million,23.25Hundred million,22.47Hundred million,21.43Hundred million,21.82Hundred million,20.61Hundred million,19.60Hundred million,19.61Hundred million,20.46Hundred million,20.85Hundred million,22.21Hundred million,23.07Hundred million,23.55Hundred million,22.96Hundred million,21.26Hundred million,20.41Hundred million,20.93Hundred million,19.51Hundred million,18.85Hundred million,18.21Hundred million,18.06Hundred million,18.78Hundred million,18.59Hundred million,16.10Hundred million,16.45Hundred million,16.67Hundred million,15.93Hundred million,15.12Hundred million,15.58Hundred million,15.20Hundred million,14.03Hundred million,13.57Hundred million,13.54Hundred million,13.64Hundred million,14.89Hundred million,16.95Hundred million,21.02Hundred million,19.88Hundred million,18.95Hundred million,18.14Hundred million,18.05Hundred million,18.14Hundred million,18.28Hundred million,19.18Hundred million,19.81Hundred million,19.00Hundred million,19.09Hundred million,18.30Hundred million
Current liabilities,,,,,,,,,,,,,,,,,,,,,,,,,,,,,,,,,,,,,,,,,,,,,,,,,,,,,,,,,,,,,,,,,,,,,,,,,,,,,,
accounts payable,8391Ten thousand,8326Ten thousand,8277Ten thousand,9161Ten thousand,1.087Hundred million,4.471Hundred million,5.267Hundred million,1.267Hundred million,4.893Hundred million,4.813Hundred million,5.805Hundred million,6.684Hundred million,7.223Hundred million,6.103Hundred million,6.534Hundred million,5.674Hundred million,4.128Hundred million,3.380Hundred million,2.942Hundred million,2.470Hundred million,3.614Hundred million,3.310Hundred million,3.514Hundred million,3.935Hundred million,4.245Hundred million,4.064Hundred million,4.782Hundred million,4.735Hundred million,4.040Hundred million,3.630Hundred million,3.845Hundred million,3.681Hundred million,3.520Hundred million,2.782Hundred million,3.253Hundred million,2.904Hundred million,2.624Hundred million,2.660Hundred million,3.176Hundred million,2.941Hundred million,3.864Hundred million,3.249Hundred million,3.693Hundred million,3.337Hundred million,3.792Hundred million,2.830Hundred million,3.112Hundred million,2.227Hundred million,2.459Hundred million,2.190Hundred million,2.379Hundred million,2.523Hundred million,2.643Hundred million,1.772Hundred million,2.195Hundred million,2.534Hundred million,2.658Hundred million,1.969Hundred million,2.042Hundred million,2.587Hundred million,2.168Hundred million,1.684Hundred million,1.540Hundred million,1.362Hundred million,2.122Hundred million,2.662Hundred million,3.605Hundred million,3.561Hundred million,3.149Hundred million,2.660Hundred million,2.843Hundred million,2.637Hundred million,2.569Hundred million,2.185Hundred million,2.889Hundred million,3.629Hundred million,3.210Hundred million,2.802Hundred million
notes payable(Current),--,--,--,--,--,--,--,--,--,--,--,--,--,--,--,--,--,--,--,--,--,--,--,--,--,--,--,--,--,--,--,--,--,--,--,--,--,--,--,--,--,--,1.405Hundred million,--,1.285Hundred million,1.184Hundred million,1.093Hundred million,1.051Hundred million,1.004Hundred million,9689Ten thousand,9563Ten thousand,1.180Hundred million,1.063Hundred million,8559Ten thousand,8330Ten thousand,1.315Hundred million,1.036Hundred million,9901Ten thousand,9233Ten thousand,1.120Hundred million,9046Ten thousand,9282Ten thousand,8496Ten thousand,9191Ten thousand,9691Ten thousand,1.350Hundred million,1.434Hundred million,1.417Hundred million,1.115Hundred million,1.115Hundred million,1.016Hundred million,1.062Hundred million,1.196Hundred million,2.035Hundred million,1.308Hundred million,768.4Ten thousand,--,--
payable taxes(Current),283.0Ten thousand,91.00Ten thousand,165.2Ten thousand,47.00Ten thousand,53.60Ten thousand,48.50Ten thousand,3591Ten thousand,891.8Ten thousand,--,--,762.9Ten thousand,30.00Ten thousand,485.4Ten thousand,1656Ten thousand,3948Ten thousand,362.0Ten thousand,3752Ten thousand,3999Ten thousand,8461Ten thousand,94.90Ten thousand,42.30Ten thousand,3.300Ten thousand,15.10Ten thousand,116.4Ten thousand,10.60Ten thousand,127.6Ten thousand,204.2Ten thousand,459.3Ten thousand,80.10Ten thousand,202.7Ten thousand,748.5Ten thousand,444.8Ten thousand,250.8Ten thousand,336.4Ten thousand,1564Ten thousand,250.1Ten thousand,191.7Ten thousand,204.9Ten thousand,1122Ten thousand,284.5Ten thousand,292.0Ten thousand,439.6Ten thousand,1784Ten thousand,495.3Ten thousand,487.9Ten thousand,548.6Ten thousand,2053Ten thousand,626.8Ten thousand,272.5Ten thousand,180.2Ten thousand,672.1Ten thousand,1170Ten thousand,10.20Ten thousand,50.20Ten thousand,39.40Ten thousand,713.2Ten thousand,--,--,742.5Ten thousand,909.2Ten thousand,--,126.6Ten thousand,439.1Ten thousand,496.5Ten thousand,746.5Ten thousand,2660Ten thousand,4210Ten thousand,3167Ten thousand,1948Ten thousand,1696Ten thousand,1825Ten thousand,1898Ten thousand,855.3Ten thousand,761.4Ten thousand,2679Ten thousand,1887Ten thousand,--,424.0Ten thousand
Unearned and accrued expenses,4158Ten thousand,4236Ten thousand,3449Ten thousand,2906Ten thousand,2970Ten thousand,6227Ten thousand,4790Ten thousand,3780Ten thousand,5770Ten thousand,5805Ten thousand,--,7013Ten thousand,--,--,--,--,--,--,--,--,--,--,--,--,--,--,--,--,--,--,--,--,--,--,--,--,--,--,--,--,--,--,--,--,--,--,--,--,--,--,--,--,--,--,--,--,--,--,--,--,--,--,--,--,--,--,--,--,--,--,--,--,--,--,--,--,--,--
Other payables and accrued expenses,910.2Ten thousand,904.0Ten thousand,944.3Ten thousand,903.8Ten thousand,891.6Ten thousand,1725Ten thousand,1860Ten thousand,1833Ten thousand,1763Ten thousand,1766Ten thousand,8455Ten thousand,1599Ten thousand,8039Ten thousand,7628Ten thousand,6798Ten thousand,6879Ten thousand,6332Ten thousand,6628Ten thousand,6484Ten thousand,6462Ten thousand,6322Ten thousand,6847Ten thousand,6722Ten thousand,7424Ten thousand,8143Ten thousand,7221Ten thousand,7397Ten thousand,7086Ten thousand,7464Ten thousand,7307Ten thousand,6948Ten thousand,5525Ten thousand,5861Ten thousand,5600Ten thousand,6367Ten thousand,5853Ten thousand,6623Ten thousand,7433Ten thousand,7996Ten thousand,6978Ten thousand,7148Ten thousand,7397Ten thousand,--,6092Ten thousand,--,--,--,--,--,--,--,--,--,--,--,--,--,--,--,--,--,--,--,--,--,--,--,--,--,--,--,--,4421Ten thousand,5622Ten thousand,5136Ten thousand,5156Ten thousand,--,6082Ten thousand
Short-term debt,--,--,--,--,--,1.750Hundred million,--,--,360.5Ten thousand,493.5Ten thousand,1555Ten thousand,4800Ten thousand,1.119Hundred million,--,--,--,--,--,--,--,--,--,--,--,--,--,--,--,40.30Ten thousand,72.30Ten thousand,42.10Ten thousand,12.30Ten thousand,16.70Ten thousand,49.70Ten thousand,153.4Ten thousand,265.1Ten thousand,3077Ten thousand,4954Ten thousand,2204Ten thousand,9055Ten thousand,1.231Hundred million,1077Ten thousand,1.121Hundred million,1036Ten thousand,1.365Hundred million,4456Ten thousand,6329Ten thousand,1.148Hundred million,3170Ten thousand,4516Ten thousand,5249Ten thousand,2.763Hundred million,2.864Hundred million,2.261Hundred million,2.092Hundred million,1.330Hundred million,8078Ten thousand,1.237Hundred million,1.651Hundred million,--,1.200Hundred million,7568Ten thousand,1.149Hundred million,1.390Hundred million,784.0Ten thousand,1.260Hundred million,1.996Hundred million,1.355Hundred million,1.633Hundred million,9320Ten thousand,8700Ten thousand,3165Ten thousand,--,--,--,--,--,--
Long-term liabilities(Current period portion),--,--,--,--,26.70Ten thousand,1.503Hundred million,1.503Hundred million,26.40Ten thousand,26.10Ten thousand,25.70Ten thousand,24.80Ten thousand,26.50Ten thousand,27.70Ten thousand,28.00Ten thousand,29.10Ten thousand,45.80Ten thousand,45.30Ten thousand,16.00Ten thousand,16.00Ten thousand,14.90Ten thousand,29.60Ten thousand,27.20Ten thousand,61.70Ten thousand,1.509Hundred million,116.7Ten thousand,138.7Ten thousand,132.7Ten thousand,147.4Ten thousand,1374Ten thousand,1319Ten thousand,707.2Ten thousand,669.1Ten thousand,87.80Ten thousand,87.30Ten thousand,86.70Ten thousand,86.20Ten thousand,85.70Ten thousand,85.10Ten thousand,84.60Ten thousand,84.10Ten thousand,83.50Ten thousand,1.011Hundred million,--,1.012Hundred million,--,--,--,--,--,--,--,--,--,--,--,--,--,--,--,--,--,--,--,--,--,--,--,--,--,--,--,--,--,--,--,--,1.424Hundred million,1.434Hundred million
Deferred revenue(Current),--,--,--,--,--,--,--,--,--,--,--,--,--,--,--,--,--,--,--,--,--,--,--,--,--,--,--,--,--,--,--,--,--,--,--,--,--,--,--,--,--,--,--,--,--,--,--,--,--,--,--,--,--,--,--,--,--,--,--,--,--,--,--,--,--,--,--,--,--,--,--,--,--,--,--,--,--,--
Other current liabilities,--,--,--,--,--,--,--,--,--,--,--,--,--,--,--,--,--,--,--,--,--,--,--,--,--,--,--,--,--,--,--,--,--,--,--,--,--,--,--,--,--,--,--,--,--,--,--,--,--,--,--,--,--,--,--,--,--,--,--,--,--,--,--,--,1872Ten thousand,--,--,--,--,--,--,--,--,--,--,--,1.056Hundred million,--
payable salaries and benefits,3733Ten thousand,2850Ten thousand,3054Ten thousand,4197Ten thousand,4766Ten thousand,8046Ten thousand,7696Ten thousand,4678Ten thousand,8410Ten thousand,8700Ten thousand,8366Ten thousand,1.175Hundred million,9436Ten thousand,1.059Hundred million,9152Ten thousand,1.377Hundred million,1.128Hundred million,1.018Hundred million,--,6465Ten thousand,--,--,--,7816Ten thousand,--,--,--,9649Ten thousand,7067Ten thousand,7440Ten thousand,7304Ten thousand,8620Ten thousand,7562Ten thousand,6531Ten thousand,6920Ten thousand,7511Ten thousand,6548Ten thousand,5902Ten thousand,6382Ten thousand,6625Ten thousand,6727Ten thousand,6299Ten thousand,--,7851Ten thousand,--,--,--,--,--,--,--,--,--,--,--,--,--,--,--,--,--,--,--,--,--,--,--,--,--,--,--,--,3864Ten thousand,4114Ten thousand,4732Ten thousand,4978Ten thousand,--,5677Ten thousand
Capital Lease Debt(Current),564.4Ten thousand,539.6Ten thousand,735.3Ten thousand,622.8Ten thousand,655.5Ten thousand,1249Ten thousand,1261Ten thousand,668.2Ten thousand,1217Ten thousand,1172Ten thousand,1214Ten thousand,1162Ten thousand,1263Ten thousand,1089Ten thousand,1161Ten thousand,994.7Ten thousand,1040Ten thousand,1095Ten thousand,1025Ten thousand,1085Ten thousand,1076Ten thousand,1120Ten thousand,1075Ten thousand,--,--,--,--,--,--,--,--,--,--,--,--,--,--,--,--,--,--,--,--,--,--,--,--,--,--,--,--,--,--,--,--,--,--,--,--,--,--,--,--,--,--,--,--,--,--,--,--,--,--,--,--,--,--,--
Other current liabilities,--,--,--,--,--,--,--,4.720Hundred million,--,--,--,--,--,--,--,--,--,--,8815Ten thousand,--,5379Ten thousand,6293Ten thousand,5258Ten thousand,--,5816Ten thousand,6961Ten thousand,6606Ten thousand,--,--,--,--,--,--,--,--,--,--,--,--,--,--,--,--,--,--,--,--,--,--,--,--,--,--,--,--,--,--,--,--,--,--,--,--,--,--,--,--,--,--,--,--,--,--,--,--,--,--,--
Total current liabilities,1.804Hundred million,1.695Hundred million,1.662Hundred million,1.784Hundred million,2.023Hundred million,9.453Hundred million,8.689Hundred million,7.176Hundred million,6.648Hundred million,6.609Hundred million,7.843Hundred million,9.323Hundred million,10.27Hundred million,8.202Hundred million,8.643Hundred million,7.879Hundred million,6.373Hundred million,5.572Hundred million,5.422Hundred million,3.882Hundred million,4.898Hundred million,4.739Hundred million,4.827Hundred million,6.980Hundred million,5.653Hundred million,5.509Hundred million,6.216Hundred million,6.469Hundred million,5.642Hundred million,5.264Hundred million,5.420Hundred million,5.208Hundred million,4.898Hundred million,4.042Hundred million,4.762Hundred million,4.301Hundred million,4.276Hundred million,4.518Hundred million,4.954Hundred million,5.244Hundred million,6.520Hundred million,5.781Hundred million,6.398Hundred million,5.897Hundred million,6.491Hundred million,4.515Hundred million,5.043Hundred million,4.489Hundred million,3.807Hundred million,3.628Hundred million,3.927Hundred million,6.583Hundred million,6.570Hundred million,4.894Hundred million,5.124Hundred million,5.250Hundred million,4.502Hundred million,4.196Hundred million,4.691Hundred million,3.798Hundred million,4.273Hundred million,3.382Hundred million,3.583Hundred million,3.721Hundred million,3.431Hundred million,5.538Hundred million,7.456Hundred million,6.649Hundred million,6.092Hundred million,4.876Hundred million,4.912Hundred million,4.205Hundred million,4.678Hundred million,5.269Hundred million,5.452Hundred million,4.908Hundred million,5.691Hundred million,5.454Hundred million
Non-current liabilities,,,,,,,,,,,,,,,,,,,,,,,,,,,,,,,,,,,,,,,,,,,,,,,,,,,,,,,,,,,,,,,,,,,,,,,,,,,,,,
Deferred income tax liabilities(Non-current),8288Ten thousand,8972Ten thousand,8718Ten thousand,8415Ten thousand,8209Ten thousand,9965Ten thousand,9391Ten thousand,8235Ten thousand,1.002Hundred million,9618Ten thousand,1.017Hundred million,1.151Hundred million,1.049Hundred million,1.020Hundred million,1.160Hundred million,1.138Hundred million,1.107Hundred million,1.156Hundred million,1.431Hundred million,7194Ten thousand,7355Ten thousand,7788Ten thousand,7021Ten thousand,7410Ten thousand,8003Ten thousand,8100Ten thousand,7912Ten thousand,6019Ten thousand,7801Ten thousand,1.060Hundred million,1.083Hundred million,3430Ten thousand,2718Ten thousand,2027Ten thousand,1784Ten thousand,1738Ten thousand,1852Ten thousand,480.2Ten thousand,1538Ten thousand,2150Ten thousand,2212Ten thousand,6263Ten thousand,6977Ten thousand,7133Ten thousand,7767Ten thousand,7216Ten thousand,8559Ten thousand,8940Ten thousand,1.005Hundred million,9076Ten thousand,7913Ten thousand,7310Ten thousand,8927Ten thousand,8813Ten thousand,8602Ten thousand,8398Ten thousand,7746Ten thousand,6656Ten thousand,6813Ten thousand,7189Ten thousand,7310Ten thousand,8433Ten thousand,8467Ten thousand,8299Ten thousand,1.094Hundred million,7951Ten thousand,9972Ten thousand,1.008Hundred million,8907Ten thousand,9032Ten thousand,8855Ten thousand,1.060Hundred million,1.111Hundred million,1.123Hundred million,1.136Hundred million,1.146Hundred million,1.175Hundred million,1.195Hundred million
Deferred revenue(Non-current),--,--,--,--,--,--,--,--,--,--,--,--,--,--,--,--,--,--,--,--,--,--,--,--,--,--,--,--,--,--,--,--,--,--,--,--,--,--,--,--,--,--,--,--,--,--,--,--,--,--,--,--,--,--,--,--,--,--,--,--,--,--,--,--,--,--,--,--,--,--,--,--,--,--,--,--,--,--
Long-term liabilities,2.939Hundred million,2.957Hundred million,3.000Hundred million,2.981Hundred million,2.977Hundred million,2.985Hundred million,2.981Hundred million,6.897Hundred million,6.893Hundred million,6.935Hundred million,6.900Hundred million,6.963Hundred million,7.007Hundred million,7.019Hundred million,7.061Hundred million,7.100Hundred million,7.085Hundred million,7.073Hundred million,7.073Hundred million,6.995Hundred million,6.986Hundred million,6.985Hundred million,6.986Hundred million,5.984Hundred million,7.483Hundred million,7.484Hundred million,7.487Hundred million,7.489Hundred million,7.681Hundred million,7.667Hundred million,7.731Hundred million,5.718Hundred million,5.760Hundred million,5.760Hundred million,5.774Hundred million,5.775Hundred million,5.795Hundred million,5.790Hundred million,5.809Hundred million,5.794Hundred million,5.760Hundred million,5.737Hundred million,5.545Hundred million,5.548Hundred million,3.054Hundred million,4.057Hundred million,4.059Hundred million,4.062Hundred million,4.065Hundred million,4.068Hundred million,4.071Hundred million,2.575Hundred million,2.525Hundred million,2.503Hundred million,2.503Hundred million,2.503Hundred million,2.503Hundred million,2.502Hundred million,2.502Hundred million,2.502Hundred million,1.004Hundred million,1.004Hundred million,1.004Hundred million,1.004Hundred million,2.454Hundred million,2.454Hundred million,2.454Hundred million,2.450Hundred million,2.450Hundred million,2.450Hundred million,2.450Hundred million,2.450Hundred million,2.450Hundred million,2.450Hundred million,2.450Hundred million,2.450Hundred million,2.450Hundred million,2.450Hundred million
Other non-current liabilities,5930Ten thousand,6031Ten thousand,5792Ten thousand,6224Ten thousand,7630Ten thousand,1.129Hundred million,1.098Hundred million,7177Ten thousand,1.187Hundred million,1.157Hundred million,1.094Hundred million,1.160Hundred million,1.283Hundred million,8179Ten thousand,7801Ten thousand,8282Ten thousand,8742Ten thousand,8511Ten thousand,8281Ten thousand,7579Ten thousand,7182Ten thousand,7264Ten thousand,7117Ten thousand,6998Ten thousand,7240Ten thousand,7305Ten thousand,7123Ten thousand,7424Ten thousand,7081Ten thousand,6867Ten thousand,6609Ten thousand,6150Ten thousand,6444Ten thousand,6391Ten thousand,6323Ten thousand,6349Ten thousand,6201Ten thousand,6343Ten thousand,5658Ten thousand,5827Ten thousand,5574Ten thousand,6230Ten thousand,1.320Hundred million,7643Ten thousand,1.359Hundred million,1.307Hundred million,1.268Hundred million,1.341Hundred million,1.367Hundred million,1.380Hundred million,1.342Hundred million,1.415Hundred million,1.229Hundred million,7152Ten thousand,6527Ten thousand,6731Ten thousand,6985Ten thousand,7308Ten thousand,7141Ten thousand,6838Ten thousand,6871Ten thousand,6782Ten thousand,6546Ten thousand,6540Ten thousand,3783Ten thousand,5276Ten thousand,4894Ten thousand,4979Ten thousand,6911Ten thousand,7354Ten thousand,7286Ten thousand,5738Ten thousand,5721Ten thousand,5781Ten thousand,5415Ten thousand,5525Ten thousand,5629Ten thousand,5626Ten thousand
payable amounts to related parties(Non-current),1.104Hundred million,1.108Hundred million,1.105Hundred million,1.119Hundred million,1.168Hundred million,1.185Hundred million,1.164Hundred million,1.173Hundred million,1.168Hundred million,9164Ten thousand,--,8115Ten thousand,--,--,--,--,--,--,--,--,--,--,--,--,--,--,--,--,--,--,--,--,--,--,--,--,--,--,--,--,--,--,--,--,--,--,--,--,--,--,--,--,--,--,--,--,--,--,--,--,--,--,--,--,--,--,--,--,--,--,--,--,--,--,--,--,--,--
Capital Lease Debt(Non-current),1660Ten thousand,1809Ten thousand,2017Ten thousand,1282Ten thousand,1510Ten thousand,8528Ten thousand,8763Ten thousand,1833Ten thousand,9248Ten thousand,9351Ten thousand,9276Ten thousand,8818Ten thousand,8657Ten thousand,8389Ten thousand,8383Ten thousand,2737Ten thousand,2644Ten thousand,2370Ten thousand,2388Ten thousand,2576Ten thousand,2784Ten thousand,3007Ten thousand,2912Ten thousand,--,--,--,--,--,--,--,--,--,--,--,--,--,--,--,--,--,--,--,--,--,--,--,--,--,--,--,--,--,--,--,--,--,--,--,--,--,--,--,--,--,--,--,--,--,--,--,--,--,--,--,--,--,--,--
Other non-current liabilities,--,--,--,--,--,--,--,1.323Hundred million,--,--,8499Ten thousand,--,8741Ten thousand,9484Ten thousand,9292Ten thousand,9967Ten thousand,1.044Hundred million,1.080Hundred million,1.019Hundred million,1.038Hundred million,9529Ten thousand,9724Ten thousand,1.234Hundred million,1.219Hundred million,1.242Hundred million,1.228Hundred million,5213Ten thousand,5520Ten thousand,5956Ten thousand,6109Ten thousand,5837Ten thousand,6304Ten thousand,6772Ten thousand,6752Ten thousand,6619Ten thousand,5298Ten thousand,5843Ten thousand,5821Ten thousand,5873Ten thousand,6159Ten thousand,6393Ten thousand,5958Ten thousand,--,5929Ten thousand,--,--,--,--,--,--,--,--,--,--,--,--,--,--,--,--,--,--,--,--,--,--,--,--,--,--,--,--,--,--,--,--,--,--
Total non-current liabilities,5.631Hundred million,5.746Hundred million,5.758Hundred million,5.692Hundred million,5.880Hundred million,7.148Hundred million,7.058Hundred million,11.12Hundred million,11.18Hundred million,10.90Hundred million,10.79Hundred million,10.97Hundred million,11.08Hundred million,10.64Hundred million,10.77Hundred million,10.34Hundred million,10.37Hundred million,10.40Hundred million,10.59Hundred million,9.768Hundred million,9.670Hundred million,9.764Hundred million,9.925Hundred million,8.644Hundred million,10.25Hundred million,10.25Hundred million,9.512Hundred million,9.385Hundred million,9.765Hundred million,10.02Hundred million,10.06Hundred million,7.306Hundred million,7.353Hundred million,7.277Hundred million,7.247Hundred million,7.113Hundred million,7.185Hundred million,7.055Hundred million,7.116Hundred million,7.207Hundred million,7.178Hundred million,7.582Hundred million,7.562Hundred million,7.618Hundred million,5.189Hundred million,6.086Hundred million,6.184Hundred million,6.297Hundred million,6.437Hundred million,6.355Hundred million,6.204Hundred million,4.721Hundred million,4.647Hundred million,4.099Hundred million,4.015Hundred million,4.015Hundred million,3.976Hundred million,3.899Hundred million,3.898Hundred million,3.905Hundred million,2.422Hundred million,2.526Hundred million,2.505Hundred million,2.488Hundred million,3.926Hundred million,3.777Hundred million,3.941Hundred million,3.956Hundred million,4.032Hundred million,4.089Hundred million,4.064Hundred million,4.084Hundred million,4.133Hundred million,4.151Hundred million,4.127Hundred million,4.149Hundred million,4.188Hundred million,4.207Hundred million
total liabilities,7.435Hundred million,7.441Hundred million,7.420Hundred million,7.476Hundred million,7.902Hundred million,16.60Hundred million,15.75Hundred million,18.29Hundred million,17.82Hundred million,17.51Hundred million,18.63Hundred million,20.29Hundred million,21.35Hundred million,18.85Hundred million,19.41Hundred million,18.22Hundred million,16.75Hundred million,15.97Hundred million,16.01Hundred million,13.65Hundred million,14.57Hundred million,14.50Hundred million,14.75Hundred million,15.62Hundred million,15.90Hundred million,15.76Hundred million,15.73Hundred million,15.85Hundred million,15.41Hundred million,15.29Hundred million,15.48Hundred million,12.51Hundred million,12.25Hundred million,11.32Hundred million,12.01Hundred million,11.41Hundred million,11.46Hundred million,11.57Hundred million,12.07Hundred million,12.45Hundred million,13.70Hundred million,13.36Hundred million,13.96Hundred million,13.51Hundred million,11.68Hundred million,10.60Hundred million,11.23Hundred million,10.79Hundred million,10.24Hundred million,9.984Hundred million,10.13Hundred million,11.30Hundred million,11.22Hundred million,8.993Hundred million,9.139Hundred million,9.265Hundred million,8.478Hundred million,8.095Hundred million,8.589Hundred million,7.703Hundred million,6.695Hundred million,5.908Hundred million,6.088Hundred million,6.209Hundred million,7.358Hundred million,9.315Hundred million,11.40Hundred million,10.60Hundred million,10.12Hundred million,8.965Hundred million,8.976Hundred million,8.289Hundred million,8.812Hundred million,9.421Hundred million,9.579Hundred million,9.056Hundred million,9.879Hundred million,9.662Hundred million
Capital and Reserves,,,,,,,,,,,,,,,,,,,,,,,,,,,,,,,,,,,,,,,,,,,,,,,,,,,,,,,,,,,,,,,,,,,,,,,,,,,,,,
Common stock,--,--,--,--,--,--,--,--,--,--,--,--,--,--,--,--,--,--,--,--,--,--,--,--,--,--,--,--,--,--,--,--,--,--,--,--,--,--,--,--,--,--,--,--,--,--,--,--,--,--,--,--,--,--,--,--,--,--,--,--,--,--,--,--,--,--,--,--,--,--,--,--,--,--,--,--,--,--
Preferred stock,--,--,--,--,--,--,--,--,--,--,--,--,--,--,--,--,--,--,--,--,--,--,--,--,--,--,--,--,--,--,--,--,--,--,--,--,--,--,--,--,--,--,--,--,--,--,--,--,--,--,--,--,--,--,--,--,--,--,--,--,--,--,--,--,--,--,--,--,--,--,--,--,--,--,--,--,--,--
treasury stock,--,--,--,--,--,--,--,--,--,--,--,--,--,--,--,--,--,--,--,--,--,--,--,--,--,--,--,--,--,--,--,--,--,--,--,--,--,--,--,--,--,--,--,--,--,--,--,--,--,--,--,--,--,--,--,--,--,--,--,--,--,--,--,--,--,--,--,--,--,--,--,--,--,--,--,--,--,--
Retained earnings,--,--,--,--,--,--,15.08Hundred million,14.28Hundred million,13.11Hundred million,12.80Hundred million,--,12.30Hundred million,--,--,11.33Hundred million,10.70Hundred million,--,--,--,5.723Hundred million,--,5.862Hundred million,--,5.915Hundred million,--,--,--,6.378Hundred million,--,--,--,6.760Hundred million,--,--,--,5.230Hundred million,--,--,--,5.107Hundred million,--,--,--,5.918Hundred million,--,--,--,--,--,--,--,--,--,--,--,--,--,--,--,--,--,--,--,--,--,--,--,--,--,--,--,--,--,--,--,--,--,6.730Hundred million
Share Premium,--,--,--,--,--,--,2.948Hundred million,2.908Hundred million,2.850Hundred million,2.804Hundred million,--,2.734Hundred million,--,--,2.796Hundred million,2.828Hundred million,--,--,--,2.838Hundred million,--,2.801Hundred million,--,2.832Hundred million,--,--,--,2.956Hundred million,--,--,--,3.034Hundred million,--,--,--,2.990Hundred million,--,--,--,2.891Hundred million,--,--,2.714Hundred million,2.626Hundred million,2.610Hundred million,2.599Hundred million,2.512Hundred million,2.449Hundred million,2.382Hundred million,2.155Hundred million,2.067Hundred million,1.923Hundred million,1.915Hundred million,1.877Hundred million,1.877Hundred million,1.815Hundred million,1.843Hundred million,1.817Hundred million,1.803Hundred million,1.899Hundred million,1.884Hundred million,1.864Hundred million,1.850Hundred million,1.831Hundred million,--,--,--,--,--,--,--,--,--,--,--,--,--,1.492Hundred million
Other comprehensive income,--,--,--,--,--,--,-2859Ten thousand,-2318Ten thousand,-1031Ten thousand,-4654Ten thousand,--,-2285Ten thousand,--,--,4111Ten thousand,4539Ten thousand,--,--,--,-3522Ten thousand,--,-3034Ten thousand,--,-4346Ten thousand,--,--,--,-1458Ten thousand,--,--,--,-2778Ten thousand,--,--,--,-2857Ten thousand,--,--,--,-5070Ten thousand,--,--,--,-358.1Ten thousand,--,--,--,--,--,--,--,--,--,--,--,--,--,--,--,--,--,--,--,--,--,--,--,--,--,--,--,--,--,--,--,--,--,-131.3Ten thousand
other items of equity attributable to parent company shareholders,--,--,--,--,--,--,--,--,--,--,--,--,--,--,--,--,--,--,--,--,--,--,--,--,--,--,--,--,--,--,--,--,--,--,--,--,--,--,--,--,--,--,5.944Hundred million,--,6.000Hundred million,6.039Hundred million,6.064Hundred million,5.860Hundred million,5.786Hundred million,5.606Hundred million,5.344Hundred million,5.048Hundred million,4.994Hundred million,4.759Hundred million,4.942Hundred million,5.084Hundred million,5.109Hundred million,4.848Hundred million,4.810Hundred million,5.215Hundred million,5.088Hundred million,5.433Hundred million,5.246Hundred million,5.230Hundred million,7.131Hundred million,7.256Hundred million,9.231Hundred million,8.854Hundred million,8.400Hundred million,8.727Hundred million,8.592Hundred million,9.360Hundred million,--,--,--,--,--,--
equity attributable to parent company shareholders,9.372Hundred million,9.113Hundred million,9.014Hundred million,8.889Hundred million,9.121Hundred million,17.93Hundred million,17.75Hundred million,16.96Hundred million,15.85Hundred million,15.13Hundred million,15.13Hundred million,14.81Hundred million,14.51Hundred million,14.80Hundred million,14.53Hundred million,13.98Hundred million,13.12Hundred million,12.77Hundred million,13.83Hundred million,8.208Hundred million,8.215Hundred million,8.359Hundred million,7.880Hundred million,8.312Hundred million,8.566Hundred million,8.687Hundred million,9.195Hundred million,9.188Hundred million,9.512Hundred million,9.193Hundred million,9.582Hundred million,9.516Hundred million,8.985Hundred million,8.849Hundred million,8.560Hundred million,7.934Hundred million,7.198Hundred million,7.130Hundred million,7.499Hundred million,7.491Hundred million,7.607Hundred million,8.725Hundred million,8.659Hundred million,8.508Hundred million,8.610Hundred million,8.638Hundred million,8.576Hundred million,8.308Hundred million,8.169Hundred million,7.761Hundred million,7.411Hundred million,6.972Hundred million,6.908Hundred million,6.636Hundred million,6.820Hundred million,6.899Hundred million,6.953Hundred million,6.665Hundred million,6.613Hundred million,7.114Hundred million,6.972Hundred million,7.296Hundred million,7.095Hundred million,7.061Hundred million,7.131Hundred million,7.256Hundred million,9.231Hundred million,8.854Hundred million,8.400Hundred million,8.727Hundred million,8.592Hundred million,9.360Hundred million,8.986Hundred million,9.238Hundred million,9.728Hundred million,9.453Hundred million,8.768Hundred million,8.208Hundred million
minority shareholder equity,131.3Ten thousand,163.7Ten thousand,188.8Ten thousand,213.3Ten thousand,234.6Ten thousand,1.312Hundred million,1.273Hundred million,1.256Hundred million,1.298Hundred million,1.259Hundred million,1.344Hundred million,1.332Hundred million,1.522Hundred million,1.533Hundred million,1.533Hundred million,1.535Hundred million,1.514Hundred million,1.536Hundred million,1.471Hundred million,1.456Hundred million,1.507Hundred million,1.229Hundred million,1.195Hundred million,1.171Hundred million,1.204Hundred million,1.176Hundred million,1.179Hundred million,1.176Hundred million,1.228Hundred million,1.235Hundred million,1.246Hundred million,1.223Hundred million,1.236Hundred million,1.258Hundred million,1.251Hundred million,1.265Hundred million,9404Ten thousand,9077Ten thousand,8901Ten thousand,9094Ten thousand,9093Ten thousand,9851Ten thousand,9287Ten thousand,9407Ten thousand,9689Ten thousand,1.176Hundred million,1.128Hundred million,4142Ten thousand,4392Ten thousand,4633Ten thousand,5128Ten thousand,5026Ten thousand,4685Ten thousand,4678Ten thousand,4954Ten thousand,5079Ten thousand,5003Ten thousand,3636Ten thousand,3740Ten thousand,3862Ten thousand,3629Ten thousand,3626Ten thousand,3575Ten thousand,3689Ten thousand,4004Ten thousand,3789Ten thousand,3885Ten thousand,4216Ten thousand,4261Ten thousand,4508Ten thousand,4790Ten thousand,4932Ten thousand,4871Ten thousand,5228Ten thousand,5009Ten thousand,4945Ten thousand,4460Ten thousand,4300Ten thousand
Total Shareholders' Equity Other Items,--,--,--,--,--,--,--,--,--,--,--,--,--,--,--,--,--,--,--,--,--,--,--,--,--,--,--,--,--,--,--,--,--,--,--,--,--,--,--,--,--,--,--,--,--,--,--,--,--,--,--,--,--,--,--,--,--,--,--,--,--,--,--,--,--,--,--,--,--,--,--,--,--,--,--,--,--,--
Total Shareholders' Equity,9.385Hundred million,9.130Hundred million,9.032Hundred million,8.910Hundred million,9.144Hundred million,19.24Hundred million,19.02Hundred million,18.22Hundred million,17.15Hundred million,16.39Hundred million,16.47Hundred million,16.14Hundred million,16.04Hundred million,16.33Hundred million,16.07Hundred million,15.52Hundred million,14.63Hundred million,14.30Hundred million,15.30Hundred million,9.664Hundred million,9.722Hundred million,9.587Hundred million,9.074Hundred million,9.484Hundred million,9.770Hundred million,9.863Hundred million,10.37Hundred million,10.36Hundred million,10.74Hundred million,10.43Hundred million,10.83Hundred million,10.74Hundred million,10.22Hundred million,10.11Hundred million,9.811Hundred million,9.198Hundred million,8.138Hundred million,8.038Hundred million,8.389Hundred million,8.400Hundred million,8.517Hundred million,9.710Hundred million,9.587Hundred million,9.449Hundred million,9.579Hundred million,9.814Hundred million,9.704Hundred million,8.722Hundred million,8.608Hundred million,8.225Hundred million,7.924Hundred million,7.474Hundred million,7.377Hundred million,7.103Hundred million,7.315Hundred million,7.407Hundred million,7.453Hundred million,7.028Hundred million,6.987Hundred million,7.500Hundred million,7.335Hundred million,7.659Hundred million,7.453Hundred million,7.430Hundred million,7.532Hundred million,7.635Hundred million,9.620Hundred million,9.275Hundred million,8.826Hundred million,9.177Hundred million,9.071Hundred million,9.853Hundred million,9.473Hundred million,9.760Hundred million,10.23Hundred million,9.948Hundred million,9.214Hundred million,8.638Hundred million
Total Liabilities and Shareholders' Equity,16.82Hundred million,16.57Hundred million,16.45Hundred million,16.39Hundred million,17.05Hundred million,35.84Hundred million,34.77Hundred million,36.51Hundred million,34.98Hundred million,33.91Hundred million,35.10Hundred million,36.43Hundred million,37.38Hundred million,35.18Hundred million,35.48Hundred million,33.73Hundred million,31.38Hundred million,30.27Hundred million,31.31Hundred million,23.32Hundred million,24.29Hundred million,24.09Hundred million,23.83Hundred million,25.11Hundred million,25.67Hundred million,25.62Hundred million,26.10Hundred million,26.22Hundred million,26.15Hundred million,25.72Hundred million,26.31Hundred million,23.25Hundred million,22.47Hundred million,21.43Hundred million,21.82Hundred million,20.61Hundred million,19.60Hundred million,19.61Hundred million,20.46Hundred million,20.85Hundred million,22.21Hundred million,23.07Hundred million,--,22.96Hundred million,--,--,--,--,--,--,--,--,--,--,--,--,--,--,--,--,--,--,--,--,--,--,--,--,--,--,--,--,18.28Hundred million,19.18Hundred million,19.81Hundred million,19.00Hundred million,19.09Hundred million,18.30Hundred million
Non-operating items,9.618Hundred million,9.614Hundred million,9.592Hundred million,8.703Hundred million,10.72Hundred million,30.16Hundred million,30.44Hundred million,10.31Hundred million,29.45Hundred million,29.74Hundred million,30.23Hundred million,30.66Hundred million,31.68Hundred million,28.41Hundred million,27.31Hundred million,24.73Hundred million,24.39Hundred million,23.39Hundred million,23.65Hundred million,24.12Hundred million,23.77Hundred million,23.74Hundred million,23.65Hundred million,24.96Hundred million,25.00Hundred million,13.28Hundred million,24.84Hundred million,24.27Hundred million,--,--,24.38Hundred million,22.34Hundred million,22.12Hundred million,--,22.34Hundred million,21.72Hundred million,--,20.64Hundred million,20.97Hundred million,20.36Hundred million,21.31Hundred million,20.87Hundred million,--,--,--,--,--,--,--,--,--,--,--,--,--,--,--,--,--,--,--,--,--,--,--,--,--,--,--,--,--,--,4.832Hundred million,5.314Hundred million,5.550Hundred million,4.594Hundred million,9.947Hundred million,--
Accounting standards,US GAAP,US GAAP,US GAAP,US GAAP,US GAAP,US GAAP,US GAAP,US GAAP,US GAAP,US GAAP,US GAAP,US GAAP,US GAAP,US GAAP,US GAAP,US GAAP,US GAAP,US GAAP,US GAAP,US GAAP,US GAAP,US GAAP,US GAAP,US GAAP,US GAAP,US GAAP,US GAAP,US GAAP,US GAAP,US GAAP,US GAAP,US GAAP,US GAAP,US GAAP,US GAAP,US GAAP,US GAAP,US GAAP,US GAAP,US GAAP,US GAAP,US GAAP,US GAAP,,,,,,,,,,,,,,,,,,,,,,,,,,,,,,US GAAP,US GAAP,US GAAP,US GAAP,US GAAP,US GAAP
